OrderID,CustomerID
1,861
2,1295
3,1131
4,1096
5,1639
6,2170
7,467
8,1239
9,331
10,1483
11,2136
12,2920
13,131
14,1686
15,770
16,2392
17,1516
18,2854
19,2434
20,1216
21,956
22,2325
23,1185
24,460
25,22
26,2301
27,748
28,2905
29,475
30,1083
31,2559
32,2048
33,2748
34,976
35,1807
36,190
37,2735
38,563
39,1900
40,1268
41,2880
42,1529
43,647
44,2069
45,2889
46,2215
47,1298
48,2436
49,601
50,2364
51,2062
52,242
53,2042
54,2825
55,2613
56,2946
57,1364
58,2140
59,1391
60,1479
61,2557
62,776
63,35
64,2254
65,1956
66,1586
67,1022
68,2614
69,1130
70,1501
71,703
72,2450
73,2778
74,1580
75,162
76,202
77,1982
78,996
79,2318
80,816
81,456
82,1276
83,1017
84,2344
85,2768
86,338
87,879
88,1077
89,792
90,2265
91,764
92,2236
93,380
94,493
95,1181
96,2063
97,65
98,2569
99,1368
100,1153
101,2028
102,2696
103,1496
104,1163
105,1523
106,2641
107,392
108,1699
109,419
110,2337
111,379
112,1797
113,2279
114,2089
115,2183
116,201
117,1864
118,780
119,2978
120,503
121,2455
122,1752
123,805
124,2147
125,2732
126,1896
127,2774
128,1571
129,961
130,2661
131,1486
132,2691
133,1029
134,503
135,2815
136,398
137,871
138,2843
139,393
140,207
141,1039
142,1882
143,2940
144,1485
145,864
146,2791
147,564
148,1021
149,96
150,1924
151,1758
152,2533
153,2279
154,2797
155,1679
156,541
157,1060
158,2573
159,1184
160,1723
161,1820
162,2626
163,2730
164,2605
165,1598
166,2694
167,796
168,1052
169,1644
170,1364
171,1982
172,1355
173,1664
174,1530
175,2039
176,1497
177,2238
178,1409
179,1401
180,1307
181,2681
182,2676
183,973
184,1769
185,1283
186,710
187,1480
188,1435
189,649
190,318
191,1258
192,684
193,664
194,1999
195,1632
196,1496
197,1137
198,1854
199,1521
200,2490
201,564
202,1292
203,1637
204,699
205,2161
206,2
207,642
208,2268
209,1590
210,855
211,1760
212,2433
213,1662
214,1154
215,1077
216,1708
217,2778
218,1696
219,1734
220,1440
221,2295
222,836
223,203
224,123
225,401
226,767
227,294
228,2328
229,2932
230,198
231,1931
232,2800
233,2192
234,609
235,1148
236,187
237,2512
238,1795
239,660
240,2812
241,1956
242,2451
243,1370
244,1987
245,1535
246,147
247,2912
248,1735
249,1844
250,489
251,2977
252,1960
253,1664
254,2599
255,2386
256,2920
257,641
258,1803
259,2521
260,1970
261,2199
262,1439
263,1635
264,263
265,1788
266,2192
267,2394
268,624
269,1017
270,881
271,2050
272,2945
273,1328
274,2302
275,453
276,1184
277,2057
278,1683
279,2864
280,2256
281,1155
282,404
283,2200
284,2102
285,1697
286,628
287,587
288,1649
289,1444
290,1446
291,104
292,254
293,2558
294,1497
295,99
296,2201
297,1885
298,2962
299,1920
300,878
301,338
302,2870
303,957
304,1705
305,161
306,1604
307,2849
308,398
309,1301
310,816
311,1528
312,1920
313,1416
314,1159
315,1219
316,401
317,640
318,2736
319,460
320,955
321,470
322,1046
323,2798
324,1694
325,2086
326,2278
327,563
328,2486
329,1800
330,2075
331,226
332,798
333,2332
334,2927
335,960
336,1505
337,453
338,816
339,659
340,547
341,1216
342,17
343,1244
344,2206
345,2525
346,1070
347,2566
348,2147
349,1769
350,1061
351,2328
352,2545
353,302
354,181
355,607
356,700
357,993
358,1140
359,191
360,2301
361,981
362,2976
363,2007
364,1185
365,128
366,2066
367,1817
368,1759
369,2614
370,570
371,1347
372,1896
373,2734
374,626
375,2902
376,1687
377,155
378,2538
379,1410
380,785
381,246
382,1501
383,1706
384,2807
385,538
386,1891
387,1842
388,921
389,2456
390,525
391,2876
392,1530
393,2951
394,36
395,685
396,20
397,2369
398,2560
399,400
400,2702
401,972
402,1907
403,2519
404,1167
405,1116
406,834
407,1824
408,2775
409,1983
410,854
411,51
412,575
413,1149
414,2198
415,2362
416,2618
417,2353
418,1716
419,682
420,838
421,1078
422,2492
423,2661
424,2312
425,1596
426,5
427,1127
428,1220
429,774
430,877
431,992
432,2932
433,47
434,2915
435,2871
436,2984
437,2704
438,269
439,370
440,636
441,1130
442,1694
443,1683
444,657
445,120
446,831
447,1811
448,1082
449,1975
450,1370
451,741
452,117
453,1854
454,2839
455,1151
456,1932
457,1013
458,1665
459,1082
460,634
461,513
462,2850
463,1120
464,1142
465,560
466,488
467,897
468,1213
469,704
470,1471
471,581
472,2838
473,2909
474,2295
475,154
476,1680
477,997
478,2745
479,1244
480,1093
481,1009
482,2142
483,1774
484,958
485,453
486,1228
487,2960
488,2266
489,2522
490,2480
491,2389
492,551
493,1636
494,1313
495,1758
496,357
497,2071
498,1786
499,2570
500,1782
501,2850
502,2810
503,2490
504,1632
505,2817
506,1016
507,1349
508,516
509,2840
510,336
511,1783
512,2306
513,497
514,896
515,2208
516,852
517,1688
518,1932
519,2738
520,2428
521,1569
522,957
523,2739
524,1637
525,1292
526,1441
527,1192
528,1067
529,285
530,2445
531,12
532,1631
533,2547
534,754
535,2083
536,2775
537,2897
538,90
539,776
540,2653
541,1626
542,418
543,115
544,617
545,826
546,1650
547,1517
548,413
549,729
550,2809
551,676
552,1893
553,2505
554,2968
555,2240
556,2787
557,1123
558,1572
559,978
560,1009
561,2144
562,1688
563,2711
564,37
565,1549
566,2327
567,2265
568,2915
569,873
570,1822
571,1297
572,2110
573,596
574,1904
575,729
576,1366
577,397
578,699
579,2225
580,1636
581,396
582,2493
583,76
584,265
585,2503
586,1820
587,718
588,2783
589,851
590,1391
591,144
592,885
593,396
594,2996
595,2939
596,1493
597,1168
598,2617
599,1063
600,2157
601,1066
602,1210
603,2983
604,2446
605,634
606,1157
607,1239
608,733
609,235
610,2706
611,751
612,2636
613,954
614,2540
615,2961
616,1543
617,1198
618,1677
619,1192
620,2218
621,1417
622,2994
623,2843
624,2682
625,1218
626,1541
627,2077
628,1446
629,2387
630,1520
631,1389
632,1857
633,1366
634,500
635,1681
636,511
637,217
638,1325
639,1156
640,1828
641,1811
642,2493
643,2924
644,1206
645,2215
646,91
647,714
648,1882
649,39
650,173
651,653
652,754
653,1244
654,1082
655,1684
656,2524
657,456
658,829
659,895
660,1385
661,1959
662,2435
663,1997
664,2396
665,190
666,505
667,1215
668,1532
669,824
670,929
671,934
672,1141
673,134
674,2106
675,685
676,2720
677,2221
678,1853
679,815
680,1173
681,80
682,2934
683,203
684,2812
685,1253
686,1700
687,1251
688,1683
689,1556
690,2095
691,1257
692,1550
693,1167
694,1397
695,2704
696,471
697,1036
698,1354
699,2784
700,2832
701,968
702,358
703,668
704,373
705,1032
706,1146
707,1372
708,2724
709,90
710,2746
711,540
712,2780
713,869
714,41
715,740
716,1947
717,2550
718,1225
719,929
720,2037
721,2509
722,2780
723,2800
724,925
725,2957
726,1582
727,390
728,1618
729,2931
730,256
731,709
732,1839
733,1945
734,2498
735,10
736,2872
737,798
738,877
739,1029
740,1016
741,1825
742,374
743,2194
744,224
745,1263
746,2225
747,1803
748,853
749,63
750,1241
751,2875
752,2843
753,689
754,1485
755,1634
756,2153
757,511
758,385
759,405
760,2871
761,518
762,476
763,2001
764,2757
765,1669
766,1894
767,2819
768,1461
769,2725
770,714
771,83
772,1169
773,2505
774,1902
775,2049
776,51
777,685
778,717
779,1470
780,449
781,881
782,488
783,1824
784,2082
785,2143
786,1575
787,2202
788,250
789,674
790,438
791,2166
792,771
793,268
794,1985
795,1078
796,236
797,389
798,763
799,1849
800,2449
801,624
802,2815
803,2967
804,1253
805,2901
806,578
807,2123
808,435
809,2151
810,764
811,2786
812,2854
813,1330
814,2146
815,2846
816,1359
817,2907
818,2483
819,447
820,2018
821,1332
822,249
823,166
824,1359
825,1020
826,542
827,759
828,2129
829,2181
830,797
831,2948
832,138
833,2232
834,1354
835,2833
836,1876
837,69
838,2594
839,2101
840,1474
841,205
842,2174
843,43
844,1907
845,2159
846,761
847,2896
848,2143
849,1995
850,1936
851,900
852,360
853,2948
854,1720
855,281
856,1888
857,667
858,93
859,672
860,1970
861,61
862,2682
863,1029
864,1490
865,604
866,682
867,2582
868,1429
869,2886
870,2693
871,2281
872,524
873,2394
874,2594
875,1969
876,1102
877,1754
878,1837
879,2842
880,2297
881,2095
882,1145
883,2262
884,2287
885,1080
886,2398
887,107
888,2879
889,48
890,337
891,1050
892,2852
893,1281
894,2056
895,625
896,1891
897,1277
898,1716
899,2767
900,303
901,639
902,56
903,726
904,526
905,474
906,28
907,2126
908,365
909,2714
910,526
911,2747
912,1336
913,883
914,1031
915,1027
916,1647
917,919
918,2798
919,2411
920,1775
921,1532
922,2854
923,2787
924,1907
925,1216
926,1655
927,485
928,2076
929,714
930,1063
931,1977
932,1297
933,1255
934,2134
935,126
936,2860
937,537
938,2193
939,2073
940,1604
941,67
942,233
943,2157
944,1170
945,2159
946,2276
947,111
948,1494
949,2082
950,623
951,2796
952,2643
953,2473
954,2661
955,1542
956,2740
957,1306
958,1762
959,1976
960,2363
961,877
962,1990
963,1313
964,1461
965,2710
966,2325
967,1734
968,1606
969,1527
970,2672
971,2564
972,2891
973,2398
974,1631
975,2871
976,1161
977,759
978,2947
979,243
980,2591
981,1064
982,229
983,2596
984,920
985,1247
986,6
987,468
988,1756
989,75
990,4
991,1871
992,646
993,118
994,2929
995,1630
996,2552
997,2022
998,947
999,2622
1000,1465
1001,194
1002,847
1003,2763
1004,1416
1005,1459
1006,2221
1007,1669
1008,2374
1009,1434
1010,1142
1011,2884
1012,1811
1013,724
1014,225
1015,532
1016,113
1017,2188
1018,559
1019,2049
1020,2138
1021,654
1022,320
1023,1574
1024,1829
1025,1918
1026,139
1027,2893
1028,2027
1029,2307
1030,902
1031,690
1032,2040
1033,10
1034,261
1035,1943
1036,1674
1037,2220
1038,2946
1039,2061
1040,1192
1041,1620
1042,321
1043,1343
1044,1637
1045,2377
1046,2833
1047,2825
1048,1995
1049,2959
1050,1944
1051,2039
1052,1119
1053,1605
1054,2366
1055,236
1056,1970
1057,334
1058,1909
1059,376
1060,1161
1061,2636
1062,1571
1063,2561
1064,1320
1065,2966
1066,1856
1067,1373
1068,873
1069,1253
1070,2318
1071,1852
1072,2846
1073,1315
1074,725
1075,2053
1076,2899
1077,78
1078,2622
1079,132
1080,601
1081,1773
1082,1066
1083,2137
1084,2450
1085,2344
1086,1864
1087,1319
1088,616
1089,2848
1090,2470
1091,1889
1092,1047
1093,575
1094,2191
1095,993
1096,2713
1097,2193
1098,1249
1099,503
1100,1998
1101,821
1102,2152
1103,1971
1104,198
1105,1670
1106,2627
1107,2439
1108,1203
1109,2602
1110,1472
1111,1647
1112,1693
1113,1313
1114,2036
1115,478
1116,1255
1117,923
1118,420
1119,2205
1120,2598
1121,1121
1122,951
1123,2337
1124,1278
1125,2244
1126,2646
1127,1858
1128,517
1129,1659
1130,1866
1131,2913
1132,1142
1133,2854
1134,1933
1135,815
1136,2276
1137,1901
1138,2264
1139,2996
1140,2063
1141,2095
1142,2372
1143,2892
1144,130
1145,95
1146,2675
1147,2803
1148,1956
1149,794
1150,1835
1151,2117
1152,1684
1153,11
1154,1866
1155,2920
1156,2598
1157,712
1158,2071
1159,815
1160,346
1161,2350
1162,363
1163,2444
1164,2266
1165,2189
1166,985
1167,1640
1168,828
1169,2731
1170,356
1171,1348
1172,2936
1173,1864
1174,127
1175,604
1176,1929
1177,1014
1178,51
1179,2827
1180,1431
1181,1793
1182,2862
1183,1637
1184,1646
1185,2468
1186,1206
1187,2873
1188,1855
1189,567
1190,2419
1191,936
1192,1935
1193,2709
1194,1333
1195,202
1196,2361
1197,117
1198,937
1199,575
1200,2292
1201,537
1202,1626
1203,2123
1204,386
1205,475
1206,418
1207,2395
1208,2688
1209,939
1210,955
1211,876
1212,763
1213,1203
1214,1206
1215,664
1216,25
1217,1991
1218,1204
1219,710
1220,1880
1221,1185
1222,2225
1223,285
1224,63
1225,1003
1226,662
1227,2714
1228,2204
1229,1493
1230,967
1231,849
1232,1108
1233,689
1234,148
1235,342
1236,2524
1237,1087
1238,1725
1239,1384
1240,2609
1241,327
1242,1793
1243,1760
1244,990
1245,2263
1246,2483
1247,952
1248,723
1249,2080
1250,2718
1251,2333
1252,429
1253,1501
1254,286
1255,2066
1256,769
1257,2638
1258,1395
1259,194
1260,2550
1261,988
1262,1137
1263,2162
1264,1702
1265,947
1266,831
1267,1921
1268,2973
1269,55
1270,800
1271,778
1272,1482
1273,1902
1274,2210
1275,2135
1276,55
1277,1824
1278,1202
1279,833
1280,313
1281,2807
1282,1859
1283,2008
1284,2007
1285,2491
1286,1791
1287,328
1288,2809
1289,2627
1290,1288
1291,2144
1292,1112
1293,1312
1294,2862
1295,2539
1296,452
1297,1524
1298,165
1299,182
1300,2517
1301,910
1302,2783
1303,823
1304,944
1305,2002
1306,2055
1307,330
1308,775
1309,2199
1310,147
1311,915
1312,1572
1313,1309
1314,2748
1315,82
1316,514
1317,1921
1318,2863
1319,2757
1320,1940
1321,746
1322,1410
1323,707
1324,471
1325,396
1326,1556
1327,2309
1328,805
1329,934
1330,1280
1331,1758
1332,905
1333,1077
1334,2988
1335,1891
1336,1524
1337,2902
1338,1388
1339,1304
1340,593
1341,2762
1342,2680
1343,2107
1344,128
1345,736
1346,2769
1347,2574
1348,521
1349,2600
1350,237
1351,1305
1352,1782
1353,1302
1354,2542
1355,2052
1356,2714
1357,442
1358,2077
1359,2658
1360,805
1361,75
1362,2886
1363,2176
1364,2090
1365,1380
1366,41
1367,2982
1368,2082
1369,1701
1370,1402
1371,588
1372,1623
1373,342
1374,2075
1375,646
1376,731
1377,168
1378,610
1379,2316
1380,1773
1381,2041
1382,2869
1383,455
1384,2954
1385,1709
1386,2970
1387,702
1388,2682
1389,1600
1390,130
1391,1846
1392,1387
1393,2867
1394,693
1395,1395
1396,794
1397,29
1398,149
1399,1320
1400,2059
1401,2724
1402,1137
1403,187
1404,2855
1405,2792
1406,1251
1407,1334
1408,98
1409,55
1410,2671
1411,2712
1412,758
1413,406
1414,2117
1415,1313
1416,1786
1417,751
1418,1763
1419,365
1420,2027
1421,482
1422,2249
1423,154
1424,1525
1425,2121
1426,2761
1427,2344
1428,1041
1429,1665
1430,1241
1431,61
1432,939
1433,1640
1434,2090
1435,25
1436,1063
1437,131
1438,1253
1439,108
1440,172
1441,1459
1442,102
1443,2914
1444,2572
1445,2323
1446,1637
1447,2865
1448,1041
1449,330
1450,1521
1451,12
1452,1342
1453,216
1454,339
1455,1800
1456,2709
1457,1751
1458,1509
1459,2422
1460,710
1461,1224
1462,2514
1463,1113
1464,1292
1465,489
1466,1562
1467,47
1468,778
1469,1040
1470,711
1471,401
1472,1818
1473,250
1474,391
1475,335
1476,629
1477,137
1478,2931
1479,2736
1480,1522
1481,827
1482,727
1483,1501
1484,2642
1485,990
1486,2420
1487,935
1488,402
1489,1467
1490,615
1491,1297
1492,1183
1493,2668
1494,2236
1495,1122
1496,131
1497,2853
1498,1195
1499,2984
1500,183
1501,364
1502,39
1503,2545
1504,1373
1505,921
1506,2770
1507,16
1508,493
1509,1450
1510,1132
1511,2942
1512,311
1513,739
1514,546
1515,2462
1516,251
1517,759
1518,1805
1519,1298
1520,1632
1521,1915
1522,814
1523,29
1524,958
1525,2033
1526,477
1527,318
1528,245
1529,748
1530,697
1531,272
1532,1772
1533,1263
1534,2425
1535,266
1536,2974
1537,921
1538,340
1539,389
1540,2625
1541,2051
1542,1166
1543,376
1544,2034
1545,2372
1546,146
1547,1982
1548,293
1549,432
1550,705
1551,2997
1552,1999
1553,2633
1554,399
1555,2865
1556,964
1557,2235
1558,2042
1559,1829
1560,2109
1561,939
1562,710
1563,807
1564,1464
1565,1326
1566,11
1567,1086
1568,1869
1569,2274
1570,2612
1571,772
1572,1595
1573,1608
1574,1334
1575,885
1576,1390
1577,226
1578,825
1579,2266
1580,937
1581,2801
1582,2554
1583,2307
1584,1912
1585,1797
1586,54
1587,727
1588,2737
1589,1545
1590,1044
1591,1914
1592,1777
1593,1597
1594,1915
1595,2467
1596,2738
1597,850
1598,2110
1599,2264
1600,3
1601,160
1602,781
1603,893
1604,2031
1605,2377
1606,580
1607,1934
1608,1381
1609,1291
1610,1641
1611,952
1612,2683
1613,988
1614,1219
1615,921
1616,2786
1617,1356
1618,170
1619,521
1620,1487
1621,40
1622,1561
1623,1419
1624,955
1625,984
1626,975
1627,38
1628,2376
1629,1275
1630,1200
1631,1626
1632,914
1633,454
1634,37
1635,1712
1636,796
1637,973
1638,593
1639,1138
1640,1325
1641,2272
1642,318
1643,2397
1644,2163
1645,2746
1646,1347
1647,1592
1648,1890
1649,2088
1650,1997
1651,1773
1652,1313
1653,1286
1654,216
1655,2384
1656,2140
1657,2401
1658,2619
1659,2864
1660,1705
1661,2829
1662,363
1663,2605
1664,1717
1665,1194
1666,356
1667,191
1668,2470
1669,700
1670,2055
1671,2181
1672,557
1673,826
1674,2809
1675,1055
1676,2583
1677,426
1678,2720
1679,2411
1680,1575
1681,2130
1682,2404
1683,589
1684,2013
1685,1548
1686,295
1687,1986
1688,1248
1689,1549
1690,1691
1691,1137
1692,1257
1693,2065
1694,360
1695,2914
1696,700
1697,448
1698,2904
1699,2413
1700,675
1701,1008
1702,1350
1703,2515
1704,2462
1705,586
1706,1257
1707,1248
1708,994
1709,1436
1710,572
1711,2383
1712,1246
1713,2085
1714,989
1715,278
1716,1220
1717,2964
1718,1888
1719,484
1720,1266
1721,731
1722,2240
1723,1041
1724,2572
1725,918
1726,2449
1727,886
1728,2753
1729,22
1730,474
1731,2258
1732,2354
1733,704
1734,687
1735,285
1736,716
1737,763
1738,1251
1739,948
1740,2429
1741,2508
1742,1031
1743,29
1744,907
1745,2927
1746,2127
1747,2995
1748,2507
1749,570
1750,2007
1751,1454
1752,738
1753,516
1754,2001
1755,2445
1756,39
1757,887
1758,2845
1759,2205
1760,1099
1761,2932
1762,1824
1763,1711
1764,974
1765,1563
1766,2897
1767,2796
1768,989
1769,21
1770,2351
1771,869
1772,84
1773,1683
1774,1977
1775,1411
1776,1531
1777,570
1778,934
1779,1981
1780,1856
1781,793
1782,792
1783,1810
1784,1295
1785,2540
1786,2256
1787,1608
1788,1084
1789,2478
1790,985
1791,1681
1792,520
1793,591
1794,1051
1795,1710
1796,2036
1797,2247
1798,2435
1799,349
1800,960
1801,1964
1802,693
1803,1560
1804,378
1805,2947
1806,2964
1807,527
1808,2782
1809,2254
1810,2503
1811,1260
1812,1876
1813,1764
1814,521
1815,1702
1816,1017
1817,2774
1818,1014
1819,2549
1820,117
1821,2434
1822,1368
1823,584
1824,395
1825,1088
1826,2769
1827,72
1828,274
1829,2014
1830,1344
1831,338
1832,1390
1833,607
1834,166
1835,1568
1836,2059
1837,1325
1838,729
1839,2849
1840,2044
1841,102
1842,1416
1843,779
1844,214
1845,1112
1846,1577
1847,2449
1848,2636
1849,2937
1850,1696
1851,592
1852,1334
1853,1110
1854,2140
1855,2721
1856,714
1857,936
1858,1952
1859,242
1860,2044
1861,2
1862,2273
1863,2849
1864,1769
1865,1950
1866,2637
1867,2164
1868,918
1869,2242
1870,2919
1871,90
1872,1710
1873,2170
1874,143
1875,106
1876,887
1877,428
1878,1329
1879,1896
1880,1995
1881,317
1882,1987
1883,635
1884,1926
1885,2057
1886,2822
1887,2271
1888,1440
1889,553
1890,716
1891,1288
1892,1714
1893,1884
1894,1108
1895,1342
1896,111
1897,251
1898,2431
1899,2055
1900,459
1901,1108
1902,208
1903,900
1904,22
1905,410
1906,895
1907,515
1908,809
1909,874
1910,14
1911,971
1912,2135
1913,2957
1914,1561
1915,1325
1916,1267
1917,2170
1918,750
1919,685
1920,1928
1921,2357
1922,695
1923,2336
1924,307
1925,1990
1926,2962
1927,662
1928,549
1929,312
1930,2921
1931,1083
1932,2972
1933,1738
1934,755
1935,35
1936,445
1937,2141
1938,1983
1939,1231
1940,353
1941,903
1942,1356
1943,2910
1944,1749
1945,159
1946,1978
1947,957
1948,2072
1949,404
1950,2853
1951,516
1952,2780
1953,1388
1954,2580
1955,956
1956,2200
1957,1713
1958,2995
1959,608
1960,2468
1961,1274
1962,2914
1963,1536
1964,2626
1965,2383
1966,1442
1967,2980
1968,1798
1969,295
1970,755
1971,1395
1972,186
1973,1270
1974,637
1975,1292
1976,530
1977,2069
1978,2959
1979,2915
1980,794
1981,2148
1982,2800
1983,478
1984,1623
1985,940
1986,526
1987,2382
1988,2
1989,375
1990,2341
1991,2885
1992,553
1993,2366
1994,1526
1995,1852
1996,381
1997,1647
1998,14
1999,504
2000,2279
2001,2009
2002,130
2003,838
2004,2939
2005,2041
2006,28
2007,2114
2008,1253
2009,261
2010,2047
2011,1473
2012,1448
2013,460
2014,301
2015,2967
2016,2335
2017,630
2018,270
2019,2640
2020,1994
2021,1629
2022,1802
2023,2892
2024,862
2025,1281
2026,2181
2027,1800
2028,1707
2029,2561
2030,2361
2031,576
2032,2934
2033,2004
2034,1308
2035,1957
2036,2735
2037,2021
2038,2213
2039,2353
2040,1656
2041,1580
2042,1848
2043,2204
2044,1391
2045,1743
2046,1926
2047,620
2048,1275
2049,957
2050,1940
2051,2382
2052,969
2053,2559
2054,1317
2055,1044
2056,282
2057,2845
2058,2167
2059,1059
2060,198
2061,2533
2062,1083
2063,2885
2064,1185
2065,1009
2066,2739
2067,1230
2068,1036
2069,490
2070,276
2071,2741
2072,2290
2073,1240
2074,1275
2075,126
2076,217
2077,1209
2078,1247
2079,2543
2080,2475
2081,919
2082,1318
2083,2199
2084,2432
2085,1662
2086,308
2087,1360
2088,1970
2089,2794
2090,892
2091,375
2092,2034
2093,1365
2094,129
2095,1015
2096,1800
2097,2717
2098,1382
2099,517
2100,1519
2101,86
2102,1199
2103,2359
2104,1143
2105,2475
2106,1994
2107,2162
2108,303
2109,2792
2110,588
2111,987
2112,1864
2113,345
2114,814
2115,1988
2116,2849
2117,1311
2118,2000
2119,1678
2120,1328
2121,1093
2122,2409
2123,1010
2124,704
2125,575
2126,1609
2127,1113
2128,688
2129,2829
2130,2633
2131,2637
2132,489
2133,1348
2134,494
2135,1668
2136,1638
2137,19
2138,2445
2139,1001
2140,851
2141,1389
2142,1355
2143,1368
2144,822
2145,455
2146,1625
2147,2773
2148,711
2149,2191
2150,917
2151,2876
2152,2653
2153,1497
2154,1441
2155,305
2156,736
2157,2339
2158,1964
2159,2150
2160,2010
2161,2915
2162,2890
2163,962
2164,2990
2165,1027
2166,2133
2167,2376
2168,2864
2169,1474
2170,2502
2171,1948
2172,2677
2173,1178
2174,665
2175,12
2176,1157
2177,304
2178,1764
2179,2831
2180,43
2181,944
2182,2391
2183,1350
2184,2546
2185,2412
2186,891
2187,2475
2188,1005
2189,21
2190,407
2191,2667
2192,1015
2193,336
2194,1839
2195,1148
2196,2447
2197,2841
2198,1828
2199,715
2200,51
2201,324
2202,789
2203,141
2204,470
2205,787
2206,1826
2207,1358
2208,1917
2209,964
2210,373
2211,2542
2212,1693
2213,2799
2214,1180
2215,2339
2216,1672
2217,106
2218,1444
2219,2718
2220,1682
2221,2
2222,2637
2223,2692
2224,2138
2225,350
2226,1287
2227,1063
2228,2957
2229,2207
2230,2360
2231,445
2232,2346
2233,952
2234,36
2235,1108
2236,1476
2237,1799
2238,1846
2239,1409
2240,1196
2241,1400
2242,1709
2243,1386
2244,2607
2245,2939
2246,2189
2247,2935
2248,1301
2249,2774
2250,1244
2251,521
2252,1807
2253,10
2254,984
2255,2426
2256,1657
2257,1661
2258,2730
2259,2632
2260,2200
2261,720
2262,1073
2263,859
2264,1317
2265,1604
2266,50
2267,2712
2268,2579
2269,2905
2270,146
2271,915
2272,1463
2273,2290
2274,581
2275,2735
2276,1585
2277,483
2278,1250
2279,673
2280,631
2281,2709
2282,662
2283,2853
2284,2467
2285,988
2286,1547
2287,650
2288,969
2289,2638
2290,1101
2291,2557
2292,441
2293,921
2294,770
2295,1344
2296,1827
2297,263
2298,1578
2299,2685
2300,2507
2301,999
2302,700
2303,2350
2304,1604
2305,1242
2306,1126
2307,2602
2308,2336
2309,1191
2310,2669
2311,1006
2312,36
2313,744
2314,1765
2315,353
2316,1923
2317,73
2318,2696
2319,1377
2320,1915
2321,1094
2322,2473
2323,708
2324,1805
2325,2609
2326,2876
2327,956
2328,2565
2329,2476
2330,160
2331,2197
2332,2824
2333,1736
2334,1586
2335,67
2336,2429
2337,58
2338,342
2339,1154
2340,2775
2341,1196
2342,2818
2343,2662
2344,1233
2345,2402
2346,1495
2347,1822
2348,116
2349,662
2350,1466
2351,2501
2352,1869
2353,2335
2354,1017
2355,311
2356,208
2357,2666
2358,2494
2359,2718
2360,633
2361,2103
2362,2960
2363,657
2364,1424
2365,1932
2366,2563
2367,1680
2368,237
2369,348
2370,2675
2371,630
2372,1541
2373,2004
2374,1272
2375,364
2376,2369
2377,286
2378,149
2379,1108
2380,2454
2381,456
2382,1767
2383,800
2384,1185
2385,1013
2386,2832
2387,2508
2388,1524
2389,2786
2390,2557
2391,481
2392,1687
2393,2162
2394,2797
2395,1602
2396,2409
2397,341
2398,2818
2399,2011
2400,2809
2401,2497
2402,1867
2403,835
2404,1204
2405,1726
2406,1690
2407,311
2408,262
2409,1443
2410,406
2411,2191
2412,342
2413,1340
2414,244
2415,490
2416,12
2417,561
2418,42
2419,2726
2420,594
2421,1453
2422,1827
2423,1694
2424,134
2425,948
2426,73
2427,399
2428,1429
2429,2626
2430,2907
2431,130
2432,2979
2433,1812
2434,2002
2435,266
2436,1561
2437,1986
2438,793
2439,2301
2440,2870
2441,1313
2442,164
2443,95
2444,1806
2445,2881
2446,1134
2447,2384
2448,822
2449,238
2450,2429
2451,2947
2452,2531
2453,1961
2454,2950
2455,1049
2456,1677
2457,2530
2458,2965
2459,964
2460,537
2461,1604
2462,1980
2463,128
2464,92
2465,543
2466,846
2467,1682
2468,1852
2469,2495
2470,390
2471,2720
2472,1885
2473,43
2474,254
2475,1084
2476,2711
2477,2515
2478,2335
2479,1541
2480,1954
2481,2826
2482,2393
2483,642
2484,2430
2485,690
2486,1277
2487,1951
2488,1080
2489,1487
2490,457
2491,983
2492,2131
2493,1123
2494,149
2495,1353
2496,1180
2497,190
2498,883
2499,2311
2500,400
2501,2812
2502,609
2503,1796
2504,1639
2505,1576
2506,2833
2507,2149
2508,1383
2509,1404
2510,820
2511,820
2512,420
2513,124
2514,422
2515,1509
2516,1598
2517,768
2518,2045
2519,2531
2520,2567
2521,2203
2522,2140
2523,1550
2524,2503
2525,1765
2526,2045
2527,2646
2528,510
2529,1207
2530,386
2531,1598
2532,2453
2533,2294
2534,742
2535,2709
2536,2698
2537,1912
2538,1447
2539,901
2540,2113
2541,2261
2542,2010
2543,242
2544,2541
2545,2386
2546,2021
2547,173
2548,672
2549,164
2550,465
2551,497
2552,700
2553,2443
2554,703
2555,1941
2556,2356
2557,1792
2558,183
2559,629
2560,2558
2561,1732
2562,546
2563,1588
2564,624
2565,594
2566,744
2567,1769
2568,1460
2569,1949
2570,2602
2571,2069
2572,2602
2573,2445
2574,2673
2575,105
2576,2240
2577,17
2578,393
2579,425
2580,2177
2581,572
2582,2077
2583,1121
2584,242
2585,2280
2586,789
2587,715
2588,759
2589,2850
2590,776
2591,2774
2592,2248
2593,2993
2594,79
2595,856
2596,2515
2597,2629
2598,1440
2599,2988
2600,2497
2601,2135
2602,2149
2603,1032
2604,845
2605,87
2606,2091
2607,408
2608,2712
2609,1669
2610,148
2611,2325
2612,232
2613,1951
2614,366
2615,1675
2616,436
2617,399
2618,1235
2619,1415
2620,2547
2621,2588
2622,563
2623,2490
2624,1285
2625,773
2626,2398
2627,2038
2628,2568
2629,1344
2630,2186
2631,1574
2632,992
2633,2416
2634,1247
2635,360
2636,921
2637,2377
2638,2511
2639,2994
2640,963
2641,1828
2642,2884
2643,1614
2644,1641
2645,2217
2646,217
2647,378
2648,119
2649,190
2650,2815
2651,370
2652,1802
2653,2197
2654,652
2655,1883
2656,1512
2657,770
2658,2422
2659,781
2660,1717
2661,2208
2662,2399
2663,1312
2664,2940
2665,1250
2666,523
2667,522
2668,783
2669,2321
2670,936
2671,2231
2672,1689
2673,488
2674,1851
2675,846
2676,2172
2677,2838
2678,2462
2679,2004
2680,1749
2681,686
2682,2161
2683,2936
2684,2170
2685,1568
2686,1246
2687,39
2688,2545
2689,780
2690,1257
2691,2991
2692,2197
2693,2709
2694,1928
2695,302
2696,2286
2697,647
2698,663
2699,2284
2700,1760
2701,2251
2702,256
2703,598
2704,662
2705,235
2706,1369
2707,2582
2708,2908
2709,770
2710,2589
2711,213
2712,463
2713,2484
2714,283
2715,1487
2716,1431
2717,88
2718,1068
2719,461
2720,2326
2721,2469
2722,1725
2723,1377
2724,2744
2725,515
2726,703
2727,1654
2728,2067
2729,23
2730,2461
2731,1054
2732,1831
2733,2156
2734,1305
2735,1135
2736,2184
2737,362
2738,2177
2739,1900
2740,1285
2741,515
2742,449
2743,1924
2744,1507
2745,1248
2746,1856
2747,874
2748,2521
2749,1429
2750,2350
2751,2279
2752,1755
2753,923
2754,2985
2755,2160
2756,1037
2757,1417
2758,2548
2759,2980
2760,2646
2761,2282
2762,2650
2763,314
2764,2614
2765,2257
2766,1998
2767,1038
2768,1657
2769,2635
2770,1779
2771,1015
2772,1094
2773,1125
2774,698
2775,2180
2776,1405
2777,1156
2778,1044
2779,1930
2780,2584
2781,1014
2782,227
2783,1829
2784,1493
2785,822
2786,2024
2787,871
2788,2453
2789,2250
2790,2086
2791,2990
2792,1796
2793,188
2794,1081
2795,941
2796,2321
2797,2631
2798,2564
2799,526
2800,336
2801,2746
2802,1079
2803,2548
2804,2948
2805,2814
2806,2584
2807,162
2808,594
2809,1939
2810,2207
2811,60
2812,2963
2813,1902
2814,2259
2815,406
2816,664
2817,1133
2818,1100
2819,542
2820,1338
2821,998
2822,1141
2823,2975
2824,868
2825,2067
2826,432
2827,740
2828,1374
2829,183
2830,2161
2831,1207
2832,2529
2833,1170
2834,831
2835,1652
2836,1137
2837,2811
2838,476
2839,2811
2840,1327
2841,971
2842,1020
2843,1142
2844,1837
2845,161
2846,2449
2847,198
2848,1284
2849,660
2850,1776
2851,1071
2852,2011
2853,399
2854,1734
2855,1583
2856,2126
2857,2172
2858,75
2859,2185
2860,602
2861,837
2862,1529
2863,500
2864,1597
2865,138
2866,2098
2867,1795
2868,973
2869,1643
2870,1886
2871,2302
2872,2029
2873,2758
2874,1901
2875,2611
2876,2805
2877,1450
2878,547
2879,922
2880,581
2881,1373
2882,1957
2883,2004
2884,2097
2885,2965
2886,704
2887,2309
2888,2404
2889,1626
2890,638
2891,2791
2892,1010
2893,2979
2894,641
2895,2840
2896,2660
2897,1862
2898,2857
2899,1206
2900,686
2901,1852
2902,188
2903,1620
2904,1688
2905,985
2906,548
2907,2773
2908,2974
2909,1432
2910,876
2911,618
2912,2462
2913,1366
2914,1244
2915,903
2916,163
2917,1975
2918,270
2919,632
2920,906
2921,2015
2922,1642
2923,205
2924,582
2925,1580
2926,841
2927,1837
2928,1252
2929,1720
2930,1643
2931,2644
2932,2298
2933,875
2934,1465
2935,2244
2936,690
2937,2011
2938,2687
2939,1423
2940,2002
2941,672
2942,1172
2943,1496
2944,944
2945,2247
2946,1450
2947,2540
2948,896
2949,2190
2950,1337
2951,165
2952,2362
2953,2069
2954,1106
2955,1754
2956,2353
2957,1939
2958,371
2959,1881
2960,853
2961,384
2962,1932
2963,2493
2964,425
2965,2209
2966,629
2967,895
2968,2538
2969,2375
2970,598
2971,2337
2972,593
2973,1688
2974,573
2975,2076
2976,2091
2977,1705
2978,2471
2979,177
2980,529
2981,1634
2982,966
2983,1518
2984,198
2985,2658
2986,2890
2987,853
2988,1538
2989,2070
2990,1081
2991,2890
2992,98
2993,1904
2994,435
2995,637
2996,588
2997,344
2998,1318
2999,1980
3000,571
3001,611
3002,1728
3003,2291
3004,1855
3005,2609
3006,960
3007,2080
3008,2439
3009,2325
3010,532
3011,1178
3012,2431
3013,1092
3014,1902
3015,884
3016,2262
3017,1679
3018,2424
3019,2792
3020,2261
3021,2127
3022,1750
3023,2676
3024,2652
3025,782
3026,2728
3027,2106
3028,881
3029,447
3030,2114
3031,1784
3032,1278
3033,1992
3034,1068
3035,1578
3036,1012
3037,2275
3038,774
3039,2727
3040,1815
3041,2649
3042,2427
3043,1202
3044,1451
3045,2757
3046,307
3047,779
3048,2552
3049,2316
3050,8
3051,2556
3052,476
3053,1321
3054,2212
3055,485
3056,2615
3057,905
3058,559
3059,1968
3060,2286
3061,1128
3062,1234
3063,2602
3064,2876
3065,468
3066,2434
3067,2823
3068,848
3069,2435
3070,2925
3071,259
3072,283
3073,1650
3074,1899
3075,40
3076,2534
3077,2977
3078,2268
3079,1015
3080,613
3081,2976
3082,1916
3083,688
3084,613
3085,2308
3086,2414
3087,1782
3088,1811
3089,2592
3090,2697
3091,1548
3092,1931
3093,2862
3094,1153
3095,575
3096,1911
3097,1013
3098,670
3099,269
3100,1284
3101,924
3102,1126
3103,1530
3104,1759
3105,1595
3106,247
3107,1561
3108,2179
3109,2401
3110,2244
3111,1940
3112,930
3113,2693
3114,227
3115,2749
3116,265
3117,1396
3118,1458
3119,646
3120,2259
3121,1419
3122,1474
3123,2991
3124,1388
3125,1900
3126,2505
3127,2773
3128,1250
3129,982
3130,1155
3131,588
3132,476
3133,1822
3134,986
3135,2204
3136,1242
3137,190
3138,1441
3139,981
3140,1699
3141,1716
3142,2594
3143,41
3144,2355
3145,943
3146,338
3147,1338
3148,1099
3149,2327
3150,896
3151,2321
3152,2885
3153,2668
3154,1675
3155,2910
3156,931
3157,289
3158,724
3159,2941
3160,2320
3161,1954
3162,1090
3163,483
3164,936
3165,2296
3166,156
3167,1071
3168,1959
3169,2502
3170,2249
3171,1684
3172,124
3173,2049
3174,968
3175,855
3176,640
3177,2239
3178,1603
3179,2564
3180,442
3181,1945
3182,1839
3183,1830
3184,2191
3185,533
3186,2275
3187,1337
3188,949
3189,2020
3190,460
3191,551
3192,393
3193,1788
3194,845
3195,2258
3196,1139
3197,646
3198,2267
3199,2455
3200,1467
3201,1378
3202,2936
3203,2606
3204,2598
3205,142
3206,2660
3207,501
3208,840
3209,2750
3210,1683
3211,1566
3212,2047
3213,1531
3214,596
3215,1905
3216,281
3217,424
3218,2904
3219,270
3220,154
3221,2662
3222,1751
3223,662
3224,1968
3225,83
3226,2995
3227,2947
3228,1450
3229,1299
3230,2332
3231,980
3232,2221
3233,2811
3234,1660
3235,1399
3236,633
3237,1532
3238,787
3239,2991
3240,398
3241,1144
3242,934
3243,1461
3244,1853
3245,2724
3246,2984
3247,2513
3248,286
3249,265
3250,2368
3251,2721
3252,2868
3253,2137
3254,1678
3255,1227
3256,821
3257,1763
3258,2382
3259,2270
3260,41
3261,1732
3262,68
3263,988
3264,1800
3265,2562
3266,1622
3267,1656
3268,1279
3269,695
3270,2525
3271,1086
3272,2929
3273,2480
3274,1694
3275,2316
3276,1059
3277,779
3278,494
3279,1586
3280,1493
3281,1791
3282,661
3283,1349
3284,1328
3285,1300
3286,1987
3287,2045
3288,1929
3289,1348
3290,1059
3291,977
3292,482
3293,728
3294,2528
3295,1032
3296,343
3297,1448
3298,2380
3299,2486
3300,2222
3301,2607
3302,527
3303,1897
3304,659
3305,2074
3306,820
3307,2653
3308,406
3309,2280
3310,2581
3311,1574
3312,1812
3313,505
3314,179
3315,132
3316,1847
3317,1479
3318,2396
3319,2588
3320,772
3321,1430
3322,2124
3323,579
3324,2902
3325,1516
3326,194
3327,2008
3328,1186
3329,2395
3330,2999
3331,1385
3332,1793
3333,1111
3334,2262
3335,1937
3336,2621
3337,780
3338,262
3339,730
3340,283
3341,1491
3342,362
3343,441
3344,2141
3345,1645
3346,2801
3347,867
3348,1448
3349,142
3350,1315
3351,1456
3352,2797
3353,1876
3354,1848
3355,1713
3356,2701
3357,701
3358,998
3359,2097
3360,1326
3361,881
3362,1214
3363,1160
3364,555
3365,404
3366,892
3367,2913
3368,602
3369,1831
3370,341
3371,1969
3372,704
3373,318
3374,2666
3375,1387
3376,2430
3377,2281
3378,1801
3379,1368
3380,1573
3381,817
3382,553
3383,856
3384,1813
3385,2867
3386,183
3387,1575
3388,397
3389,1728
3390,2827
3391,1518
3392,907
3393,1357
3394,2175
3395,1
3396,19
3397,584
3398,456
3399,2037
3400,1133
3401,2493
3402,1953
3403,2650
3404,2151
3405,988
3406,520
3407,859
3408,174
3409,1367
3410,2479
3411,727
3412,1711
3413,1876
3414,2898
3415,1682
3416,1348
3417,990
3418,2687
3419,420
3420,594
3421,2533
3422,1775
3423,2460
3424,936
3425,1108
3426,1137
3427,332
3428,2703
3429,2089
3430,1794
3431,959
3432,105
3433,202
3434,2498
3435,1843
3436,1867
3437,1997
3438,1290
3439,910
3440,210
3441,563
3442,2761
3443,1564
3444,771
3445,2502
3446,2715
3447,629
3448,1629
3449,1702
3450,387
3451,1936
3452,2344
3453,2306
3454,1105
3455,268
3456,2467
3457,2283
3458,1857
3459,1999
3460,1381
3461,1237
3462,574
3463,49
3464,1151
3465,223
3466,2969
3467,1432
3468,1529
3469,1820
3470,2325
3471,1462
3472,1131
3473,1682
3474,2468
3475,2659
3476,375
3477,2121
3478,2022
3479,1054
3480,1890
3481,1824
3482,1475
3483,2243
3484,1180
3485,2895
3486,1065
3487,2071
3488,360
3489,2608
3490,2720
3491,2042
3492,1142
3493,1636
3494,1404
3495,1944
3496,679
3497,2488
3498,2981
3499,7
3500,2469
3501,1592
3502,833
3503,2607
3504,1811
3505,914
3506,2012
3507,1443
3508,1451
3509,1503
3510,126
3511,2443
3512,817
3513,2929
3514,1830
3515,576
3516,2373
3517,1416
3518,930
3519,1464
3520,833
3521,1055
3522,1649
3523,1901
3524,1458
3525,2885
3526,2974
3527,1400
3528,443
3529,2123
3530,557
3531,1179
3532,2038
3533,363
3534,2496
3535,1258
3536,1842
3537,2310
3538,1851
3539,2173
3540,911
3541,245
3542,542
3543,2533
3544,2170
3545,2173
3546,1573
3547,2218
3548,124
3549,2694
3550,1732
3551,786
3552,2044
3553,2249
3554,2417
3555,797
3556,77
3557,59
3558,2479
3559,2686
3560,1524
3561,1937
3562,2157
3563,1302
3564,68
3565,2353
3566,1933
3567,2722
3568,365
3569,821
3570,1403
3571,2391
3572,947
3573,2947
3574,1578
3575,1378
3576,1440
3577,762
3578,341
3579,2990
3580,383
3581,1004
3582,1557
3583,300
3584,139
3585,359
3586,836
3587,1523
3588,1628
3589,1983
3590,1304
3591,2531
3592,909
3593,1135
3594,2914
3595,2187
3596,996
3597,2483
3598,2557
3599,2321
3600,2152
3601,1238
3602,1785
3603,2810
3604,2835
3605,165
3606,999
3607,2568
3608,1308
3609,2565
3610,657
3611,2661
3612,2212
3613,1910
3614,2047
3615,2112
3616,1141
3617,1890
3618,267
3619,1846
3620,1709
3621,2294
3622,2443
3623,1511
3624,476
3625,977
3626,1208
3627,1044
3628,1961
3629,558
3630,1018
3631,1606
3632,883
3633,2195
3634,666
3635,2668
3636,1772
3637,2868
3638,864
3639,582
3640,695
3641,1252
3642,1611
3643,1240
3644,2455
3645,399
3646,1947
3647,715
3648,704
3649,2809
3650,2547
3651,1715
3652,1973
3653,82
3654,604
3655,1971
3656,1711
3657,2047
3658,2820
3659,903
3660,365
3661,163
3662,2559
3663,1864
3664,116
3665,2989
3666,2385
3667,881
3668,2785
3669,840
3670,2195
3671,1347
3672,2491
3673,2885
3674,1037
3675,943
3676,1725
3677,2335
3678,2768
3679,1138
3680,2528
3681,22
3682,1750
3683,683
3684,2954
3685,1834
3686,2368
3687,126
3688,277
3689,2000
3690,1228
3691,2242
3692,696
3693,1310
3694,57
3695,19
3696,2312
3697,2842
3698,113
3699,542
3700,2695
3701,579
3702,1089
3703,25
3704,1573
3705,2049
3706,2959
3707,1573
3708,141
3709,1768
3710,648
3711,2236
3712,201
3713,257
3714,547
3715,2242
3716,2751
3717,802
3718,942
3719,414
3720,2015
3721,1382
3722,1099
3723,910
3724,188
3725,2016
3726,1314
3727,2093
3728,2131
3729,1147
3730,358
3731,1552
3732,1090
3733,2984
3734,1681
3735,2423
3736,162
3737,2370
3738,450
3739,1498
3740,1037
3741,2232
3742,2159
3743,1951
3744,2556
3745,1314
3746,2343
3747,2952
3748,1239
3749,974
3750,632
3751,1591
3752,1051
3753,2781
3754,1589
3755,2369
3756,2961
3757,1694
3758,437
3759,2829
3760,1557
3761,1077
3762,1305
3763,2774
3764,2079
3765,2385
3766,183
3767,2592
3768,1470
3769,1480
3770,1590
3771,1588
3772,660
3773,160
3774,2460
3775,1012
3776,53
3777,2456
3778,2895
3779,1046
3780,1054
3781,2751
3782,2308
3783,1229
3784,1495
3785,2824
3786,1490
3787,1036
3788,1951
3789,850
3790,354
3791,1099
3792,2921
3793,1740
3794,1465
3795,991
3796,1265
3797,1885
3798,1810
3799,2342
3800,2257
3801,1112
3802,818
3803,1800
3804,1961
3805,2438
3806,2373
3807,2988
3808,889
3809,1856
3810,1181
3811,668
3812,633
3813,2625
3814,1643
3815,137
3816,1947
3817,1698
3818,428
3819,1476
3820,2660
3821,2959
3822,819
3823,2189
3824,1107
3825,2225
3826,198
3827,2672
3828,1996
3829,2739
3830,2449
3831,471
3832,2266
3833,1949
3834,929
3835,2011
3836,2680
3837,2999
3838,906
3839,2223
3840,23
3841,235
3842,1125
3843,929
3844,523
3845,1809
3846,431
3847,793
3848,1630
3849,1737
3850,533
3851,1747
3852,1676
3853,1317
3854,2858
3855,913
3856,1125
3857,1526
3858,1328
3859,2919
3860,2588
3861,1024
3862,1577
3863,1379
3864,1520
3865,1682
3866,1998
3867,227
3868,1260
3869,873
3870,892
3871,1479
3872,1037
3873,2258
3874,2789
3875,397
3876,1124
3877,2079
3878,2946
3879,649
3880,329
3881,1483
3882,952
3883,2006
3884,2017
3885,2669
3886,1879
3887,1197
3888,1773
3889,162
3890,1752
3891,776
3892,1828
3893,2322
3894,1052
3895,2374
3896,940
3897,540
3898,2536
3899,822
3900,1462
3901,1089
3902,356
3903,235
3904,2275
3905,1549
3906,2097
3907,118
3908,2102
3909,1674
3910,2613
3911,1068
3912,2101
3913,558
3914,1816
3915,2006
3916,2916
3917,398
3918,675
3919,387
3920,2159
3921,2662
3922,2065
3923,884
3924,541
3925,171
3926,2457
3927,740
3928,1402
3929,2906
3930,2278
3931,119
3932,2832
3933,2513
3934,2152
3935,2746
3936,1996
3937,1706
3938,1723
3939,2223
3940,2793
3941,1698
3942,1445
3943,1760
3944,1525
3945,665
3946,33
3947,2103
3948,2567
3949,2804
3950,2060
3951,1552
3952,720
3953,2603
3954,2421
3955,484
3956,973
3957,2671
3958,307
3959,457
3960,2208
3961,331
3962,2824
3963,225
3964,2777
3965,1480
3966,1083
3967,644
3968,616
3969,195
3970,489
3971,2205
3972,2658
3973,1250
3974,2460
3975,1103
3976,1148
3977,2519
3978,1242
3979,516
3980,1626
3981,1128
3982,393
3983,631
3984,1848
3985,2656
3986,980
3987,434
3988,2588
3989,278
3990,233
3991,1553
3992,1595
3993,1114
3994,2410
3995,26
3996,1418
3997,2555
3998,2315
3999,461
4000,2504
4001,1092
4002,1007
4003,2911
4004,1995
4005,491
4006,1073
4007,2612
4008,216
4009,1724
4010,1593
4011,2607
4012,159
4013,2537
4014,686
4015,2842
4016,1777
4017,2053
4018,1844
4019,2409
4020,2507
4021,2296
4022,1590
4023,1697
4024,2994
4025,2470
4026,1947
4027,2063
4028,2784
4029,1146
4030,2325
4031,1582
4032,2501
4033,2646
4034,2494
4035,2258
4036,2762
4037,2350
4038,1933
4039,1758
4040,2051
4041,990
4042,1542
4043,1117
4044,2568
4045,493
4046,620
4047,2379
4048,2381
4049,2098
4050,1547
4051,863
4052,1692
4053,1606
4054,2320
4055,580
4056,1891
4057,1276
4058,2608
4059,2744
4060,1856
4061,2494
4062,1356
4063,1163
4064,357
4065,1625
4066,2322
4067,2007
4068,2359
4069,870
4070,886
4071,2002
4072,2202
4073,1414
4074,1284
4075,620
4076,883
4077,797
4078,2173
4079,1297
4080,619
4081,1835
4082,245
4083,2896
4084,2498
4085,930
4086,1271
4087,520
4088,2410
4089,8
4090,2526
4091,2020
4092,495
4093,1630
4094,2881
4095,1063
4096,2641
4097,187
4098,2802
4099,1878
4100,2141
4101,86
4102,137
4103,2469
4104,2122
4105,1637
4106,2219
4107,1752
4108,2218
4109,1788
4110,872
4111,2370
4112,2504
4113,944
4114,1627
4115,2838
4116,2661
4117,2937
4118,349
4119,1677
4120,1197
4121,10
4122,2788
4123,1462
4124,667
4125,2594
4126,1523
4127,2177
4128,601
4129,2653
4130,327
4131,980
4132,2452
4133,629
4134,1630
4135,2766
4136,274
4137,685
4138,116
4139,861
4140,2004
4141,693
4142,1106
4143,2372
4144,2162
4145,1793
4146,154
4147,1901
4148,1428
4149,1290
4150,315
4151,1065
4152,105
4153,1925
4154,1914
4155,1217
4156,1425
4157,2402
4158,1773
4159,1961
4160,2781
4161,1604
4162,709
4163,651
4164,2872
4165,947
4166,661
4167,2147
4168,2636
4169,2330
4170,2451
4171,1133
4172,700
4173,2247
4174,2039
4175,2375
4176,2202
4177,552
4178,405
4179,462
4180,2180
4181,2839
4182,874
4183,84
4184,1423
4185,2802
4186,2676
4187,221
4188,2601
4189,1392
4190,112
4191,615
4192,1582
4193,2972
4194,475
4195,2884
4196,1914
4197,271
4198,2469
4199,1921
4200,2755
4201,1391
4202,40
4203,1983
4204,2237
4205,994
4206,2013
4207,2584
4208,290
4209,2481
4210,2519
4211,2676
4212,279
4213,2925
4214,581
4215,863
4216,254
4217,181
4218,681
4219,825
4220,700
4221,2614
4222,1350
4223,1381
4224,1674
4225,2728
4226,2439
4227,1639
4228,1958
4229,212
4230,1539
4231,384
4232,1715
4233,342
4234,1839
4235,1988
4236,844
4237,1535
4238,420
4239,2799
4240,1989
4241,1933
4242,1850
4243,306
4244,2750
4245,869
4246,2585
4247,1136
4248,1435
4249,206
4250,496
4251,1910
4252,2552
4253,1046
4254,213
4255,310
4256,2709
4257,1992
4258,2801
4259,272
4260,1823
4261,2986
4262,2080
4263,443
4264,2210
4265,2815
4266,254
4267,521
4268,977
4269,10
4270,2774
4271,2553
4272,2833
4273,1584
4274,2484
4275,1135
4276,153
4277,1659
4278,2965
4279,2917
4280,2801
4281,1857
4282,1215
4283,1753
4284,2611
4285,1105
4286,2537
4287,895
4288,1112
4289,104
4290,1915
4291,1007
4292,407
4293,1402
4294,167
4295,509
4296,1662
4297,2361
4298,763
4299,681
4300,2525
4301,2121
4302,1165
4303,582
4304,262
4305,1364
4306,1332
4307,2293
4308,1539
4309,561
4310,1100
4311,1904
4312,175
4313,2157
4314,2231
4315,192
4316,65
4317,1498
4318,1568
4319,2912
4320,1152
4321,1938
4322,369
4323,851
4324,43
4325,1908
4326,2536
4327,78
4328,2874
4329,1825
4330,1294
4331,674
4332,701
4333,759
4334,1924
4335,2776
4336,2973
4337,902
4338,2937
4339,993
4340,1192
4341,2387
4342,2241
4343,1477
4344,2331
4345,390
4346,1000
4347,525
4348,1856
4349,1507
4350,659
4351,2764
4352,891
4353,1482
4354,452
4355,2476
4356,1538
4357,883
4358,313
4359,840
4360,2567
4361,375
4362,451
4363,595
4364,1234
4365,500
4366,464
4367,113
4368,1036
4369,2379
4370,1925
4371,140
4372,1425
4373,2950
4374,517
4375,2617
4376,1948
4377,2894
4378,2166
4379,888
4380,1342
4381,50
4382,19
4383,726
4384,2245
4385,1474
4386,2607
4387,452
4388,2337
4389,1165
4390,1108
4391,2439
4392,215
4393,1550
4394,2263
4395,128
4396,1846
4397,760
4398,2452
4399,1816
4400,2386
4401,2879
4402,2762
4403,361
4404,569
4405,1416
4406,2266
4407,1598
4408,1693
4409,202
4410,2065
4411,2370
4412,518
4413,1349
4414,1436
4415,1342
4416,681
4417,1989
4418,1492
4419,425
4420,1969
4421,1713
4422,2435
4423,778
4424,2146
4425,1827
4426,208
4427,1538
4428,1660
4429,2634
4430,2214
4431,22
4432,154
4433,1963
4434,219
4435,669
4436,1519
4437,2278
4438,2068
4439,2601
4440,950
4441,2196
4442,403
4443,596
4444,2415
4445,1438
4446,2850
4447,2966
4448,1158
4449,1743
4450,1307
4451,73
4452,481
4453,560
4454,745
4455,1467
4456,100
4457,1083
4458,2556
4459,2306
4460,413
4461,1089
4462,2643
4463,1178
4464,2009
4465,2314
4466,821
4467,662
4468,2995
4469,560
4470,2965
4471,2939
4472,1272
4473,1814
4474,2916
4475,610
4476,2462
4477,25
4478,2029
4479,284
4480,1473
4481,2929
4482,301
4483,1092
4484,1031
4485,817
4486,83
4487,1921
4488,2094
4489,618
4490,2976
4491,2310
4492,176
4493,1190
4494,2705
4495,842
4496,370
4497,1819
4498,2102
4499,690
4500,1780
4501,1365
4502,1433
4503,367
4504,644
4505,2427
4506,73
4507,2963
4508,1272
4509,860
4510,43
4511,2425
4512,1065
4513,2218
4514,2260
4515,1517
4516,2087
4517,369
4518,2805
4519,151
4520,1135
4521,1504
4522,1460
4523,1071
4524,1024
4525,1599
4526,2785
4527,2041
4528,1390
4529,69
4530,2347
4531,944
4532,802
4533,2344
4534,2251
4535,61
4536,946
4537,1338
4538,1185
4539,331
4540,1552
4541,338
4542,1630
4543,1328
4544,1527
4545,1674
4546,1362
4547,1574
4548,2687
4549,275
4550,1188
4551,2367
4552,2637
4553,2552
4554,2435
4555,1994
4556,870
4557,2881
4558,1015
4559,1912
4560,603
4561,1800
4562,691
4563,494
4564,490
4565,2769
4566,2557
4567,390
4568,295
4569,1393
4570,2844
4571,2913
4572,1718
4573,2597
4574,649
4575,1874
4576,568
4577,2901
4578,2818
4579,445
4580,363
4581,2171
4582,1212
4583,742
4584,2042
4585,680
4586,2468
4587,1643
4588,1573
4589,1359
4590,2140
4591,63
4592,2560
4593,1163
4594,1229
4595,2820
4596,256
4597,135
4598,875
4599,822
4600,2136
4601,823
4602,974
4603,2982
4604,1778
4605,121
4606,1638
4607,1365
4608,1008
4609,925
4610,645
4611,2033
4612,2762
4613,2908
4614,2069
4615,242
4616,2503
4617,2669
4618,2351
4619,1620
4620,803
4621,964
4622,69
4623,1153
4624,196
4625,2188
4626,2331
4627,2360
4628,746
4629,1689
4630,277
4631,61
4632,1914
4633,2100
4634,2201
4635,1773
4636,1335
4637,1838
4638,2592
4639,567
4640,1572
4641,622
4642,2026
4643,1201
4644,314
4645,2855
4646,2896
4647,2145
4648,2929
4649,1237
4650,2877
4651,137
4652,1030
4653,2157
4654,2595
4655,662
4656,2473
4657,2678
4658,2309
4659,87
4660,2513
4661,2124
4662,2519
4663,2462
4664,2873
4665,2943
4666,2774
4667,2505
4668,1309
4669,1701
4670,2701
4671,2720
4672,495
4673,1648
4674,1943
4675,1069
4676,1425
4677,597
4678,450
4679,485
4680,646
4681,2668
4682,1630
4683,662
4684,758
4685,289
4686,721
4687,638
4688,2283
4689,2464
4690,2986
4691,499
4692,634
4693,1674
4694,2031
4695,115
4696,2980
4697,674
4698,1737
4699,1258
4700,2254
4701,2295
4702,2806
4703,147
4704,2166
4705,412
4706,1688
4707,2411
4708,1533
4709,137
4710,19
4711,2243
4712,2378
4713,1960
4714,2223
4715,1002
4716,449
4717,1949
4718,946
4719,1378
4720,1523
4721,141
4722,2806
4723,1921
4724,2978
4725,93
4726,239
4727,205
4728,2608
4729,1457
4730,245
4731,832
4732,2973
4733,295
4734,2688
4735,856
4736,2065
4737,71
4738,1293
4739,1349
4740,305
4741,1031
4742,1338
4743,817
4744,1127
4745,821
4746,193
4747,1777
4748,529
4749,2219
4750,251
4751,1789
4752,2589
4753,2027
4754,2464
4755,2842
4756,1404
4757,1168
4758,2073
4759,2716
4760,1097
4761,2680
4762,1848
4763,505
4764,1622
4765,2384
4766,2473
4767,2547
4768,1388
4769,2995
4770,2678
4771,1223
4772,718
4773,339
4774,659
4775,962
4776,429
4777,899
4778,139
4779,2990
4780,542
4781,2105
4782,1256
4783,2706
4784,2483
4785,384
4786,2608
4787,194
4788,2582
4789,2566
4790,2764
4791,2799
4792,2233
4793,1896
4794,2340
4795,732
4796,2164
4797,2873
4798,685
4799,82
4800,2882
4801,2381
4802,2605
4803,2383
4804,532
4805,1984
4806,221
4807,635
4808,1770
4809,2371
4810,1875
4811,3
4812,1718
4813,206
4814,1856
4815,40
4816,2107
4817,2999
4818,2622
4819,644
4820,1531
4821,1908
4822,2891
4823,2667
4824,2144
4825,898
4826,1086
4827,1280
4828,2609
4829,2953
4830,2396
4831,671
4832,1506
4833,2365
4834,719
4835,1072
4836,1956
4837,1160
4838,250
4839,2362
4840,1893
4841,1854
4842,2855
4843,1504
4844,2533
4845,1235
4846,44
4847,2619
4848,583
4849,1289
4850,2943
4851,220
4852,1926
4853,2973
4854,2449
4855,2775
4856,991
4857,2947
4858,1813
4859,858
4860,804
4861,490
4862,1781
4863,1494
4864,2986
4865,2892
4866,1706
4867,2315
4868,54
4869,2576
4870,616
4871,1083
4872,1849
4873,955
4874,2434
4875,1630
4876,2782
4877,2764
4878,650
4879,2348
4880,395
4881,1360
4882,2641
4883,2562
4884,2444
4885,371
4886,858
4887,791
4888,658
4889,2784
4890,1393
4891,384
4892,2110
4893,2553
4894,239
4895,195
4896,2726
4897,2109
4898,1153
4899,2733
4900,2016
4901,156
4902,923
4903,2916
4904,2951
4905,1610
4906,975
4907,1231
4908,2436
4909,1815
4910,2935
4911,838
4912,2008
4913,1364
4914,2388
4915,204
4916,161
4917,392
4918,769
4919,2623
4920,2582
4921,1094
4922,2941
4923,405
4924,608
4925,1615
4926,1541
4927,2876
4928,1838
4929,690
4930,2950
4931,1241
4932,2104
4933,366
4934,1723
4935,455
4936,104
4937,77
4938,230
4939,1938
4940,2379
4941,1206
4942,893
4943,1574
4944,2736
4945,2075
4946,1676
4947,299
4948,957
4949,2847
4950,1115
4951,2528
4952,2621
4953,2506
4954,1475
4955,365
4956,2907
4957,1699
4958,351
4959,2301
4960,2829
4961,1905
4962,2851
4963,1012
4964,2507
4965,2965
4966,499
4967,950
4968,1995
4969,2047
4970,508
4971,1328
4972,2549
4973,2851
4974,2646
4975,166
4976,2510
4977,920
4978,114
4979,992
4980,1952
4981,2255
4982,1259
4983,515
4984,1232
4985,709
4986,2186
4987,339
4988,2585
4989,68
4990,1597
4991,1565
4992,383
4993,19
4994,2731
4995,2122
4996,573
4997,2987
4998,1300
4999,2259
5000,2903
5001,1944
5002,651
5003,1646
5004,994
5005,2743
5006,2588
5007,1339
5008,901
5009,1685
5010,2828
5011,1586
5012,1924
5013,1782
5014,1137
5015,2218
5016,1945
5017,1038
5018,1739
5019,288
5020,2237
5021,2962
5022,1591
5023,2742
5024,1746
5025,2936
5026,2519
5027,1099
5028,2325
5029,940
5030,1449
5031,571
5032,2905
5033,1001
5034,1206
5035,2506
5036,918
5037,1875
5038,833
5039,2887
5040,2241
5041,1679
5042,616
5043,406
5044,1750
5045,2991
5046,2769
5047,93
5048,2478
5049,654
5050,434
5051,1136
5052,375
5053,1067
5054,207
5055,780
5056,1320
5057,1142
5058,532
5059,2214
5060,2691
5061,90
5062,1118
5063,13
5064,1858
5065,805
5066,945
5067,2790
5068,1858
5069,1611
5070,2924
5071,1960
5072,2708
5073,1053
5074,296
5075,926
5076,640
5077,2388
5078,628
5079,2487
5080,1168
5081,942
5082,830
5083,1771
5084,2567
5085,976
5086,955
5087,1263
5088,952
5089,944
5090,2203
5091,1205
5092,2136
5093,1535
5094,1097
5095,2979
5096,179
5097,2260
5098,1829
5099,1258
5100,465
5101,1775
5102,2679
5103,2873
5104,1231
5105,2655
5106,885
5107,2414
5108,2324
5109,2428
5110,1333
5111,1655
5112,945
5113,2858
5114,925
5115,1939
5116,494
5117,1547
5118,1970
5119,1095
5120,2412
5121,2618
5122,1826
5123,763
5124,2324
5125,50
5126,2776
5127,906
5128,2976
5129,564
5130,783
5131,2533
5132,2041
5133,1832
5134,584
5135,1320
5136,236
5137,2104
5138,1943
5139,360
5140,1931
5141,110
5142,192
5143,904
5144,1117
5145,862
5146,2616
5147,1084
5148,650
5149,39
5150,637
5151,1037
5152,36
5153,2149
5154,1362
5155,1984
5156,166
5157,2431
5158,1880
5159,2838
5160,31
5161,11
5162,2012
5163,2144
5164,2501
5165,2240
5166,486
5167,1290
5168,1448
5169,2286
5170,1944
5171,1964
5172,1852
5173,1470
5174,1367
5175,2783
5176,991
5177,825
5178,1463
5179,2154
5180,2229
5181,2232
5182,226
5183,777
5184,2838
5185,1113
5186,688
5187,530
5188,972
5189,936
5190,1423
5191,2154
5192,1295
5193,1999
5194,2879
5195,1527
5196,679
5197,2897
5198,2441
5199,40
5200,2708
5201,1106
5202,845
5203,1744
5204,2249
5205,447
5206,1235
5207,2492
5208,1351
5209,2809
5210,227
5211,48
5212,2960
5213,1463
5214,1831
5215,187
5216,2393
5217,2272
5218,2878
5219,2536
5220,1933
5221,2925
5222,849
5223,2033
5224,1253
5225,1414
5226,979
5227,1613
5228,1017
5229,2236
5230,1882
5231,270
5232,1631
5233,310
5234,2044
5235,1575
5236,1096
5237,2893
5238,1696
5239,2534
5240,1446
5241,2168
5242,220
5243,53
5244,1758
5245,1475
5246,1667
5247,1261
5248,2806
5249,2786
5250,720
5251,406
5252,2656
5253,2470
5254,2760
5255,2295
5256,72
5257,1854
5258,2233
5259,2054
5260,1230
5261,1568
5262,2954
5263,387
5264,1792
5265,699
5266,1201
5267,827
5268,1823
5269,349
5270,1279
5271,308
5272,1151
5273,1961
5274,2335
5275,766
5276,725
5277,2810
5278,1620
5279,383
5280,2436
5281,525
5282,2687
5283,2986
5284,276
5285,2548
5286,2765
5287,337
5288,1974
5289,2980
5290,481
5291,911
5292,1997
5293,1352
5294,2034
5295,1755
5296,109
5297,328
5298,1800
5299,315
5300,1135
5301,2747
5302,781
5303,1521
5304,156
5305,1497
5306,1725
5307,887
5308,2806
5309,722
5310,913
5311,871
5312,13
5313,2656
5314,498
5315,1757
5316,2286
5317,1118
5318,2829
5319,1195
5320,2005
5321,2654
5322,2709
5323,1648
5324,1591
5325,2897
5326,2984
5327,1491
5328,2676
5329,143
5330,1225
5331,2762
5332,2527
5333,565
5334,2519
5335,2432
5336,1716
5337,2974
5338,417
5339,1849
5340,2356
5341,2697
5342,1718
5343,1391
5344,1068
5345,2787
5346,1867
5347,1122
5348,1289
5349,1807
5350,2188
5351,1505
5352,1017
5353,953
5354,2952
5355,72
5356,1691
5357,1292
5358,1345
5359,2155
5360,883
5361,139
5362,2663
5363,2911
5364,2321
5365,1505
5366,2464
5367,2554
5368,733
5369,1749
5370,424
5371,1592
5372,390
5373,342
5374,946
5375,614
5376,493
5377,192
5378,499
5379,822
5380,1736
5381,1257
5382,1969
5383,227
5384,1395
5385,2187
5386,2904
5387,817
5388,1474
5389,1087
5390,104
5391,1875
5392,871
5393,668
5394,2043
5395,273
5396,1030
5397,2232
5398,1052
5399,1574
5400,293
5401,2225
5402,2106
5403,1293
5404,308
5405,977
5406,1252
5407,1271
5408,2748
5409,1518
5410,2131
5411,1210
5412,2300
5413,1379
5414,1774
5415,1720
5416,2043
5417,796
5418,897
5419,1962
5420,210
5421,2864
5422,2657
5423,2495
5424,2508
5425,968
5426,472
5427,2418
5428,2948
5429,923
5430,137
5431,367
5432,2960
5433,184
5434,2520
5435,1399
5436,2702
5437,2797
5438,537
5439,2850
5440,1603
5441,1274
5442,2968
5443,2558
5444,2678
5445,1097
5446,1306
5447,916
5448,152
5449,1029
5450,1219
5451,1978
5452,2512
5453,271
5454,1187
5455,460
5456,105
5457,1711
5458,2210
5459,2399
5460,434
5461,2900
5462,140
5463,1495
5464,87
5465,1712
5466,2231
5467,2416
5468,129
5469,1270
5470,1602
5471,670
5472,149
5473,985
5474,852
5475,1457
5476,628
5477,1493
5478,2494
5479,2045
5480,884
5481,2342
5482,1789
5483,250
5484,2926
5485,948
5486,975
5487,1326
5488,2837
5489,984
5490,889
5491,2938
5492,2118
5493,2673
5494,875
5495,1327
5496,471
5497,1988
5498,91
5499,530
5500,661
5501,739
5502,2774
5503,872
5504,1687
5505,192
5506,1987
5507,2186
5508,345
5509,1009
5510,2551
5511,203
5512,573
5513,192
5514,2053
5515,1914
5516,1717
5517,311
5518,2597
5519,2104
5520,443
5521,1261
5522,870
5523,585
5524,1595
5525,2800
5526,1538
5527,360
5528,1724
5529,2867
5530,2078
5531,1803
5532,2012
5533,2156
5534,844
5535,1626
5536,2765
5537,891
5538,1992
5539,1983
5540,960
5541,1469
5542,2941
5543,1462
5544,732
5545,606
5546,2505
5547,615
5548,2746
5549,2005
5550,1720
5551,674
5552,1271
5553,2591
5554,1588
5555,2905
5556,1612
5557,897
5558,1463
5559,278
5560,552
5561,1637
5562,2159
5563,2433
5564,761
5565,2742
5566,1450
5567,405
5568,1359
5569,1233
5570,22
5571,678
5572,2659
5573,2029
5574,1232
5575,2056
5576,2750
5577,1809
5578,529
5579,2038
5580,2650
5581,1677
5582,657
5583,166
5584,849
5585,496
5586,590
5587,429
5588,2822
5589,163
5590,2414
5591,1263
5592,72
5593,655
5594,269
5595,1777
5596,2463
5597,1269
5598,1016
5599,2723
5600,1084
5601,6
5602,982
5603,2618
5604,407
5605,1954
5606,2074
5607,986
5608,390
5609,710
5610,2619
5611,1472
5612,754
5613,2194
5614,1412
5615,2833
5616,1273
5617,526
5618,1486
5619,2061
5620,2951
5621,2432
5622,556
5623,2935
5624,19
5625,575
5626,2799
5627,1004
5628,2467
5629,2467
5630,1939
5631,1940
5632,1636
5633,1699
5634,2170
5635,432
5636,2092
5637,1896
5638,1944
5639,1341
5640,2429
5641,145
5642,2411
5643,1074
5644,1089
5645,2403
5646,800
5647,2874
5648,1152
5649,2446
5650,1957
5651,2928
5652,463
5653,1775
5654,2046
5655,808
5656,187
5657,1744
5658,732
5659,1936
5660,1214
5661,1412
5662,429
5663,2906
5664,1308
5665,2285
5666,1218
5667,1311
5668,771
5669,758
5670,136
5671,792
5672,171
5673,2207
5674,2249
5675,1581
5676,962
5677,2631
5678,876
5679,2419
5680,103
5681,1002
5682,1149
5683,2846
5684,1482
5685,658
5686,2930
5687,1221
5688,2781
5689,423
5690,2620
5691,171
5692,2221
5693,2711
5694,453
5695,2398
5696,1976
5697,1658
5698,2542
5699,2668
5700,2967
5701,2054
5702,288
5703,1642
5704,1448
5705,1914
5706,608
5707,457
5708,1765
5709,1226
5710,1236
5711,1030
5712,2672
5713,2424
5714,447
5715,835
5716,811
5717,1425
5718,1412
5719,959
5720,1476
5721,2897
5722,809
5723,979
5724,2464
5725,726
5726,2502
5727,1217
5728,2198
5729,1904
5730,2807
5731,779
5732,973
5733,2811
5734,1539
5735,1417
5736,2124
5737,599
5738,225
5739,1554
5740,2161
5741,2299
5742,841
5743,1815
5744,714
5745,1107
5746,125
5747,1093
5748,2932
5749,1280
5750,1751
5751,30
5752,2329
5753,2972
5754,2018
5755,2416
5756,495
5757,1610
5758,718
5759,1017
5760,1338
5761,606
5762,375
5763,2687
5764,1961
5765,1049
5766,1358
5767,116
5768,2096
5769,1802
5770,2147
5771,1483
5772,1547
5773,1621
5774,2453
5775,685
5776,2951
5777,2551
5778,1472
5779,2942
5780,1600
5781,2306
5782,2892
5783,2169
5784,810
5785,978
5786,2102
5787,1355
5788,784
5789,241
5790,1779
5791,1554
5792,483
5793,1013
5794,187
5795,1882
5796,2704
5797,2310
5798,953
5799,1388
5800,491
5801,431
5802,239
5803,2352
5804,2346
5805,76
5806,1357
5807,1924
5808,1782
5809,2690
5810,827
5811,2331
5812,591
5813,2120
5814,2751
5815,1903
5816,1911
5817,575
5818,892
5819,2060
5820,141
5821,1790
5822,17
5823,1087
5824,253
5825,465
5826,376
5827,1828
5828,520
5829,1861
5830,90
5831,720
5832,2852
5833,2844
5834,630
5835,1885
5836,76
5837,926
5838,2448
5839,1806
5840,970
5841,1095
5842,2029
5843,1405
5844,2845
5845,195
5846,228
5847,1460
5848,461
5849,618
5850,64
5851,2213
5852,2075
5853,285
5854,1684
5855,2329
5856,838
5857,831
5858,1188
5859,2966
5860,224
5861,784
5862,950
5863,45
5864,1811
5865,471
5866,2082
5867,2701
5868,830
5869,1910
5870,2269
5871,1892
5872,2582
5873,692
5874,1391
5875,932
5876,841
5877,1939
5878,1574
5879,2630
5880,2287
5881,2489
5882,148
5883,1033
5884,1312
5885,388
5886,1874
5887,916
5888,1879
5889,2686
5890,278
5891,1978
5892,1860
5893,1826
5894,2637
5895,1834
5896,2697
5897,618
5898,1631
5899,2183
5900,580
5901,1171
5902,490
5903,2526
5904,1183
5905,384
5906,163
5907,2489
5908,1877
5909,1213
5910,2463
5911,1363
5912,1631
5913,1205
5914,288
5915,1858
5916,187
5917,1908
5918,1162
5919,130
5920,2242
5921,2364
5922,1888
5923,144
5924,16
5925,2471
5926,245
5927,927
5928,2177
5929,907
5930,887
5931,341
5932,2052
5933,1434
5934,306
5935,908
5936,2655
5937,1372
5938,321
5939,559
5940,1205
5941,2666
5942,2759
5943,1410
5944,1642
5945,1132
5946,2579
5947,2458
5948,818
5949,1195
5950,2541
5951,12
5952,195
5953,2538
5954,2843
5955,2929
5956,2230
5957,656
5958,1922
5959,2742
5960,2078
5961,1620
5962,1120
5963,778
5964,444
5965,298
5966,808
5967,1761
5968,845
5969,1016
5970,1385
5971,1398
5972,554
5973,2351
5974,421
5975,1270
5976,1261
5977,185
5978,468
5979,2802
5980,2411
5981,1307
5982,1577
5983,336
5984,2210
5985,1498
5986,2060
5987,1448
5988,588
5989,1882
5990,201
5991,522
5992,1888
5993,2553
5994,1712
5995,788
5996,60
5997,578
5998,321
5999,1459
6000,2038
6001,923
6002,1410
6003,1695
6004,569
6005,1102
6006,527
6007,2572
6008,2661
6009,2173
6010,871
6011,280
6012,2965
6013,2670
6014,2894
6015,1893
6016,1752
6017,674
6018,1152
6019,2362
6020,332
6021,1174
6022,2040
6023,1478
6024,36
6025,1709
6026,1444
6027,2254
6028,2687
6029,2896
6030,1380
6031,440
6032,2777
6033,1120
6034,2989
6035,164
6036,148
6037,2342
6038,195
6039,663
6040,480
6041,123
6042,1424
6043,2747
6044,965
6045,2709
6046,1779
6047,1486
6048,2015
6049,710
6050,2444
6051,912
6052,1361
6053,2365
6054,1735
6055,1824
6056,1580
6057,681
6058,1334
6059,2543
6060,556
6061,610
6062,2157
6063,372
6064,2903
6065,616
6066,2816
6067,1915
6068,2254
6069,847
6070,43
6071,865
6072,1269
6073,1379
6074,785
6075,476
6076,83
6077,1134
6078,2238
6079,800
6080,936
6081,2299
6082,2339
6083,1669
6084,326
6085,1535
6086,1986
6087,1965
6088,837
6089,508
6090,2779
6091,2120
6092,1271
6093,641
6094,2988
6095,1879
6096,608
6097,1959
6098,566
6099,1368
6100,2102
6101,1754
6102,2576
6103,2659
6104,1582
6105,1987
6106,2241
6107,2106
6108,129
6109,1873
6110,706
6111,852
6112,8
6113,2077
6114,1136
6115,2995
6116,2179
6117,2236
6118,1699
6119,2757
6120,1499
6121,2260
6122,1645
6123,276
6124,1703
6125,1796
6126,243
6127,2733
6128,171
6129,653
6130,1933
6131,2236
6132,1110
6133,1500
6134,2100
6135,2159
6136,1973
6137,2925
6138,1067
6139,2259
6140,2036
6141,858
6142,2675
6143,1050
6144,299
6145,924
6146,137
6147,1044
6148,2488
6149,211
6150,2800
6151,1575
6152,2483
6153,780
6154,1231
6155,2487
6156,1803
6157,2714
6158,1066
6159,411
6160,2854
6161,2658
6162,427
6163,1472
6164,2950
6165,942
6166,1908
6167,742
6168,1393
6169,1244
6170,1601
6171,1256
6172,328
6173,1467
6174,2100
6175,1967
6176,376
6177,263
6178,267
6179,2407
6180,1945
6181,1894
6182,1902
6183,2700
6184,1653
6185,1445
6186,46
6187,600
6188,720
6189,1913
6190,1293
6191,601
6192,381
6193,118
6194,2164
6195,260
6196,1099
6197,1504
6198,2353
6199,2055
6200,366
6201,1658
6202,2571
6203,1462
6204,2025
6205,2477
6206,791
6207,747
6208,2415
6209,313
6210,538
6211,921
6212,1078
6213,1491
6214,2913
6215,2830
6216,2382
6217,798
6218,348
6219,273
6220,720
6221,1774
6222,2548
6223,685
6224,2127
6225,622
6226,2040
6227,947
6228,2406
6229,2666
6230,507
6231,1583
6232,2624
6233,244
6234,506
6235,422
6236,2265
6237,1873
6238,1193
6239,330
6240,650
6241,1465
6242,391
6243,1520
6244,381
6245,742
6246,2011
6247,820
6248,673
6249,2561
6250,1772
6251,2997
6252,1212
6253,930
6254,1540
6255,913
6256,644
6257,427
6258,502
6259,730
6260,1284
6261,2119
6262,2526
6263,457
6264,2237
6265,291
6266,920
6267,2340
6268,1970
6269,756
6270,1659
6271,1835
6272,1307
6273,1568
6274,1870
6275,377
6276,1180
6277,508
6278,1437
6279,2576
6280,559
6281,2308
6282,421
6283,1553
6284,304
6285,942
6286,2590
6287,1302
6288,1090
6289,2156
6290,2316
6291,2270
6292,1828
6293,1554
6294,693
6295,255
6296,1479
6297,2301
6298,257
6299,2431
6300,442
6301,1882
6302,2647
6303,1114
6304,2438
6305,582
6306,1736
6307,2646
6308,19
6309,1125
6310,2655
6311,1381
6312,1566
6313,2081
6314,1994
6315,1548
6316,862
6317,155
6318,905
6319,1270
6320,405
6321,844
6322,1783
6323,1565
6324,1185
6325,747
6326,1726
6327,271
6328,770
6329,1716
6330,1511
6331,172
6332,274
6333,2307
6334,1159
6335,1707
6336,1772
6337,422
6338,1445
6339,1210
6340,2412
6341,2426
6342,580
6343,891
6344,722
6345,881
6346,1122
6347,2653
6348,2008
6349,2070
6350,1474
6351,383
6352,2182
6353,1450
6354,2551
6355,1591
6356,1787
6357,144
6358,1887
6359,1703
6360,1436
6361,224
6362,220
6363,179
6364,1655
6365,433
6366,265
6367,954
6368,429
6369,2464
6370,2775
6371,2245
6372,1578
6373,480
6374,1354
6375,890
6376,925
6377,2171
6378,1903
6379,1411
6380,1363
6381,778
6382,2396
6383,29
6384,35
6385,1420
6386,2671
6387,589
6388,904
6389,2568
6390,2170
6391,340
6392,175
6393,1924
6394,1715
6395,597
6396,451
6397,557
6398,1160
6399,1357
6400,2057
6401,2382
6402,1017
6403,2375
6404,2063
6405,839
6406,1638
6407,226
6408,1814
6409,2161
6410,2021
6411,1452
6412,2049
6413,2314
6414,1515
6415,1232
6416,1646
6417,1736
6418,306
6419,2060
6420,1724
6421,1690
6422,1518
6423,1392
6424,2985
6425,420
6426,2937
6427,2219
6428,134
6429,2031
6430,1451
6431,1554
6432,1165
6433,1870
6434,1820
6435,2706
6436,1343
6437,1465
6438,2227
6439,1080
6440,1179
6441,1696
6442,111
6443,2185
6444,2280
6445,468
6446,2780
6447,2529
6448,814
6449,1273
6450,994
6451,2032
6452,323
6453,2970
6454,904
6455,1542
6456,2000
6457,1816
6458,2654
6459,2477
6460,148
6461,1142
6462,850
6463,367
6464,2898
6465,1090
6466,2039
6467,2861
6468,175
6469,1855
6470,588
6471,495
6472,1138
6473,1785
6474,1171
6475,35
6476,999
6477,1333
6478,2586
6479,2798
6480,1038
6481,374
6482,2605
6483,1452
6484,1752
6485,2281
6486,705
6487,563
6488,2987
6489,2935
6490,2774
6491,1874
6492,2124
6493,439
6494,1884
6495,1980
6496,699
6497,1313
6498,2963
6499,1564
6500,2939
6501,692
6502,2301
6503,1201
6504,2458
6505,1635
6506,1634
6507,127
6508,1507
6509,1192
6510,2640
6511,294
6512,1367
6513,1020
6514,2358
6515,2710
6516,2576
6517,2588
6518,419
6519,444
6520,685
6521,2888
6522,2284
6523,1463
6524,2262
6525,85
6526,2842
6527,1768
6528,85
6529,1945
6530,2113
6531,1670
6532,663
6533,627
6534,64
6535,2987
6536,919
6537,1376
6538,1182
6539,1613
6540,491
6541,1879
6542,1941
6543,313
6544,2663
6545,919
6546,1883
6547,813
6548,2988
6549,1490
6550,1327
6551,680
6552,435
6553,682
6554,1159
6555,1074
6556,1456
6557,2388
6558,2395
6559,2694
6560,1371
6561,649
6562,245
6563,2157
6564,2581
6565,296
6566,2160
6567,1613
6568,2391
6569,2149
6570,2677
6571,1628
6572,28
6573,2985
6574,1986
6575,1561
6576,58
6577,1522
6578,297
6579,2182
6580,2297
6581,2598
6582,902
6583,1965
6584,1099
6585,1678
6586,2882
6587,1192
6588,771
6589,1527
6590,1379
6591,1249
6592,1555
6593,146
6594,1984
6595,1265
6596,1908
6597,2941
6598,2392
6599,1773
6600,1059
6601,2750
6602,2049
6603,2020
6604,153
6605,2477
6606,508
6607,491
6608,345
6609,1936
6610,1762
6611,221
6612,1939
6613,1943
6614,723
6615,528
6616,1523
6617,2889
6618,1665
6619,481
6620,2978
6621,1872
6622,2920
6623,1463
6624,1426
6625,345
6626,45
6627,2069
6628,1658
6629,1888
6630,2921
6631,2096
6632,1515
6633,2599
6634,2335
6635,1002
6636,1034
6637,2590
6638,2041
6639,2804
6640,274
6641,956
6642,2648
6643,1780
6644,381
6645,1353
6646,479
6647,2063
6648,516
6649,191
6650,1192
6651,2669
6652,1161
6653,2202
6654,1412
6655,272
6656,143
6657,1913
6658,1093
6659,2295
6660,788
6661,2127
6662,1682
6663,623
6664,2573
6665,2820
6666,938
6667,1119
6668,617
6669,1032
6670,67
6671,191
6672,2816
6673,521
6674,990
6675,1141
6676,2315
6677,1635
6678,2533
6679,1188
6680,376
6681,653
6682,549
6683,1098
6684,73
6685,2356
6686,199
6687,1782
6688,572
6689,791
6690,1639
6691,1832
6692,1856
6693,1511
6694,1175
6695,179
6696,2245
6697,735
6698,2137
6699,799
6700,788
6701,2796
6702,209
6703,493
6704,2713
6705,1658
6706,2919
6707,732
6708,1130
6709,1606
6710,2746
6711,594
6712,2934
6713,2900
6714,1216
6715,325
6716,979
6717,1750
6718,1851
6719,1491
6720,894
6721,1391
6722,144
6723,384
6724,2264
6725,2372
6726,217
6727,1516
6728,2999
6729,2231
6730,2318
6731,2993
6732,1491
6733,2918
6734,1636
6735,2515
6736,2353
6737,1168
6738,111
6739,1014
6740,232
6741,1715
6742,1756
6743,2643
6744,1578
6745,1297
6746,2221
6747,973
6748,1031
6749,2594
6750,2596
6751,518
6752,914
6753,2263
6754,2182
6755,2333
6756,1945
6757,1463
6758,1873
6759,2734
6760,2379
6761,2942
6762,1308
6763,899
6764,1099
6765,1190
6766,1213
6767,2126
6768,2995
6769,688
6770,2069
6771,566
6772,1208
6773,1895
6774,827
6775,1352
6776,2227
6777,1812
6778,1083
6779,1351
6780,2953
6781,1645
6782,2717
6783,191
6784,1224
6785,1336
6786,708
6787,379
6788,387
6789,2285
6790,616
6791,1543
6792,2331
6793,2049
6794,1755
6795,464
6796,967
6797,172
6798,1147
6799,843
6800,1322
6801,1909
6802,690
6803,2623
6804,1508
6805,2213
6806,2025
6807,1723
6808,383
6809,2257
6810,1413
6811,1584
6812,2272
6813,2051
6814,372
6815,1711
6816,1470
6817,611
6818,116
6819,447
6820,1392
6821,1341
6822,415
6823,1809
6824,2940
6825,1048
6826,2711
6827,1874
6828,1074
6829,718
6830,1359
6831,1606
6832,2319
6833,562
6834,2852
6835,2295
6836,387
6837,702
6838,2607
6839,973
6840,1385
6841,984
6842,1512
6843,352
6844,1725
6845,1952
6846,1280
6847,1908
6848,753
6849,2829
6850,1025
6851,546
6852,1470
6853,79
6854,1260
6855,2382
6856,889
6857,1106
6858,2550
6859,1991
6860,1501
6861,2813
6862,921
6863,550
6864,2062
6865,392
6866,2358
6867,2434
6868,1381
6869,974
6870,340
6871,2645
6872,757
6873,1046
6874,2339
6875,2354
6876,2682
6877,2673
6878,939
6879,848
6880,442
6881,2551
6882,130
6883,597
6884,1959
6885,1506
6886,862
6887,2641
6888,999
6889,2373
6890,2496
6891,1552
6892,2867
6893,1641
6894,1512
6895,1737
6896,2757
6897,1450
6898,1858
6899,265
6900,2660
6901,2880
6902,2722
6903,1463
6904,157
6905,1446
6906,2299
6907,2926
6908,1633
6909,2578
6910,2375
6911,895
6912,2145
6913,513
6914,216
6915,2173
6916,1707
6917,2107
6918,1568
6919,2209
6920,2332
6921,2154
6922,1129
6923,228
6924,2366
6925,1488
6926,802
6927,1623
6928,1906
6929,2922
6930,472
6931,1080
6932,2673
6933,2061
6934,1042
6935,2742
6936,2161
6937,229
6938,171
6939,295
6940,189
6941,426
6942,977
6943,1103
6944,2706
6945,919
6946,499
6947,1822
6948,2810
6949,866
6950,826
6951,1859
6952,2119
6953,2296
6954,146
6955,1642
6956,1320
6957,2630
6958,470
6959,193
6960,1092
6961,2542
6962,52
6963,2930
6964,2411
6965,1821
6966,2965
6967,2522
6968,1870
6969,2569
6970,1787
6971,1455
6972,1868
6973,2739
6974,2580
6975,2008
6976,1435
6977,840
6978,241
6979,536
6980,1408
6981,83
6982,982
6983,951
6984,611
6985,574
6986,2334
6987,989
6988,459
6989,2174
6990,1523
6991,2473
6992,2602
6993,2658
6994,1985
6995,1567
6996,2160
6997,2450
6998,122
6999,273
7000,1318
7001,398
7002,2519
7003,985
7004,1231
7005,1134
7006,1302
7007,1911
7008,2617
7009,1506
7010,1917
7011,2945
7012,820
7013,2901
7014,2758
7015,1957
7016,2369
7017,179
7018,897
7019,2267
7020,2837
7021,1973
7022,1552
7023,492
7024,61
7025,1078
7026,1704
7027,2586
7028,2896
7029,65
7030,586
7031,1728
7032,2219
7033,535
7034,2741
7035,2156
7036,1871
7037,2862
7038,1005
7039,2500
7040,1230
7041,2638
7042,1040
7043,327
7044,608
7045,2707
7046,2
7047,1034
7048,2482
7049,125
7050,1105
7051,2533
7052,2700
7053,1862
7054,1174
7055,2848
7056,2921
7057,129
7058,438
7059,751
7060,2549
7061,1222
7062,2259
7063,902
7064,2093
7065,1303
7066,2583
7067,1434
7068,2509
7069,391
7070,1068
7071,27
7072,2842
7073,548
7074,2669
7075,567
7076,704
7077,1243
7078,185
7079,1591
7080,1914
7081,848
7082,599
7083,806
7084,1358
7085,2127
7086,2627
7087,1879
7088,2461
7089,546
7090,1633
7091,2217
7092,2729
7093,2631
7094,2563
7095,2080
7096,2335
7097,2642
7098,1927
7099,617
7100,2318
7101,1204
7102,1760
7103,2566
7104,2631
7105,226
7106,670
7107,1764
7108,917
7109,2174
7110,2122
7111,1215
7112,1706
7113,1843
7114,1984
7115,56
7116,720
7117,2601
7118,2080
7119,574
7120,667
7121,284
7122,1745
7123,2235
7124,498
7125,1466
7126,130
7127,639
7128,2162
7129,2061
7130,2492
7131,2495
7132,986
7133,993
7134,2763
7135,2122
7136,2585
7137,101
7138,2224
7139,427
7140,41
7141,429
7142,344
7143,366
7144,609
7145,2705
7146,728
7147,2277
7148,825
7149,1376
7150,889
7151,2044
7152,1342
7153,2884
7154,1297
7155,117
7156,2866
7157,2416
7158,1118
7159,168
7160,1739
7161,1365
7162,2709
7163,695
7164,925
7165,152
7166,586
7167,913
7168,2322
7169,1578
7170,496
7171,2149
7172,557
7173,1106
7174,1553
7175,2121
7176,157
7177,735
7178,2180
7179,1428
7180,559
7181,2155
7182,2313
7183,155
7184,997
7185,2295
7186,531
7187,2906
7188,1972
7189,2586
7190,729
7191,1178
7192,154
7193,92
7194,2386
7195,1504
7196,1717
7197,2498
7198,2017
7199,2858
7200,787
7201,273
7202,2028
7203,2636
7204,177
7205,2879
7206,643
7207,1899
7208,567
7209,666
7210,1332
7211,2916
7212,1799
7213,1070
7214,2350
7215,2916
7216,2960
7217,408
7218,1213
7219,2870
7220,1854
7221,1153
7222,2609
7223,1142
7224,2512
7225,144
7226,2490
7227,487
7228,860
7229,1936
7230,148
7231,1360
7232,1358
7233,2859
7234,2714
7235,90
7236,1358
7237,199
7238,538
7239,301
7240,724
7241,1599
7242,1460
7243,68
7244,2507
7245,1538
7246,398
7247,620
7248,1585
7249,1164
7250,730
7251,556
7252,1953
7253,2829
7254,1752
7255,2942
7256,2658
7257,2796
7258,2330
7259,2709
7260,2972
7261,996
7262,1960
7263,1602
7264,2794
7265,1481
7266,2135
7267,1103
7268,2839
7269,2352
7270,1404
7271,2178
7272,2644
7273,1300
7274,1723
7275,2606
7276,899
7277,1207
7278,1536
7279,78
7280,2832
7281,2722
7282,1533
7283,238
7284,1158
7285,1997
7286,1216
7287,278
7288,524
7289,180
7290,123
7291,1270
7292,1758
7293,1095
7294,480
7295,1798
7296,2132
7297,2613
7298,2667
7299,2405
7300,816
7301,2695
7302,443
7303,2571
7304,143
7305,192
7306,1411
7307,378
7308,2629
7309,535
7310,1717
7311,1033
7312,1411
7313,2141
7314,1990
7315,2577
7316,1178
7317,405
7318,2888
7319,1173
7320,889
7321,422
7322,1642
7323,472
7324,2941
7325,547
7326,631
7327,1038
7328,2826
7329,1830
7330,364
7331,2167
7332,546
7333,2570
7334,634
7335,1937
7336,1681
7337,963
7338,883
7339,2828
7340,871
7341,516
7342,2986
7343,1421
7344,866
7345,2154
7346,1109
7347,214
7348,2898
7349,2245
7350,19
7351,642
7352,1105
7353,330
7354,866
7355,774
7356,392
7357,637
7358,2355
7359,2943
7360,2700
7361,2889
7362,1026
7363,2568
7364,1675
7365,2684
7366,740
7367,1546
7368,469
7369,2260
7370,1136
7371,1032
7372,2852
7373,2525
7374,874
7375,460
7376,2301
7377,1550
7378,752
7379,1462
7380,1778
7381,854
7382,2284
7383,1330
7384,478
7385,2727
7386,2264
7387,2903
7388,135
7389,2953
7390,1153
7391,410
7392,1446
7393,1318
7394,1270
7395,1580
7396,86
7397,2604
7398,1866
7399,1470
7400,378
7401,1681
7402,1075
7403,242
7404,920
7405,1587
7406,2314
7407,2760
7408,1272
7409,70
7410,2105
7411,1406
7412,2087
7413,2008
7414,801
7415,1042
7416,2780
7417,825
7418,756
7419,2400
7420,1996
7421,1840
7422,1322
7423,2331
7424,1610
7425,110
7426,1017
7427,1962
7428,2592
7429,1770
7430,25
7431,843
7432,2839
7433,738
7434,2105
7435,180
7436,232
7437,1918
7438,343
7439,477
7440,1823
7441,2624
7442,455
7443,1256
7444,289
7445,1237
7446,2306
7447,530
7448,2735
7449,2977
7450,2277
7451,596
7452,435
7453,882
7454,1782
7455,402
7456,2670
7457,2136
7458,2632
7459,1566
7460,309
7461,2954
7462,343
7463,436
7464,177
7465,139
7466,194
7467,1185
7468,943
7469,525
7470,1625
7471,2963
7472,2258
7473,741
7474,862
7475,954
7476,1303
7477,1275
7478,1744
7479,2881
7480,2188
7481,792
7482,546
7483,1845
7484,1017
7485,1928
7486,1554
7487,57
7488,2160
7489,5
7490,1438
7491,1363
7492,1821
7493,1283
7494,2138
7495,2664
7496,2939
7497,2746
7498,1274
7499,2946
7500,1132
7501,668
7502,2642
7503,2637
7504,2533
7505,1282
7506,2687
7507,997
7508,1927
7509,282
7510,1228
7511,2064
7512,936
7513,254
7514,1212
7515,329
7516,2592
7517,2831
7518,1421
7519,1541
7520,2893
7521,1193
7522,1717
7523,2414
7524,1202
7525,655
7526,1386
7527,760
7528,2687
7529,1799
7530,1064
7531,2972
7532,416
7533,255
7534,1167
7535,1877
7536,2758
7537,2625
7538,900
7539,2059
7540,26
7541,421
7542,1245
7543,1877
7544,2544
7545,1261
7546,2285
7547,1009
7548,219
7549,1511
7550,1960
7551,2509
7552,663
7553,2683
7554,990
7555,189
7556,255
7557,68
7558,616
7559,2384
7560,2719
7561,2869
7562,874
7563,2348
7564,1626
7565,357
7566,256
7567,1008
7568,2401
7569,1756
7570,2572
7571,2998
7572,2804
7573,284
7574,99
7575,197
7576,2530
7577,878
7578,1869
7579,2663
7580,2666
7581,1389
7582,2416
7583,570
7584,2638
7585,1066
7586,422
7587,2884
7588,1205
7589,545
7590,71
7591,1224
7592,768
7593,2355
7594,1707
7595,2425
7596,655
7597,2726
7598,2447
7599,1797
7600,221
7601,182
7602,307
7603,2570
7604,1420
7605,1014
7606,2052
7607,2911
7608,848
7609,804
7610,215
7611,1444
7612,101
7613,573
7614,1333
7615,658
7616,2987
7617,1534
7618,1657
7619,226
7620,105
7621,1998
7622,772
7623,429
7624,434
7625,1231
7626,2730
7627,2636
7628,866
7629,2794
7630,2912
7631,2416
7632,251
7633,2907
7634,856
7635,1194
7636,561
7637,1470
7638,2342
7639,919
7640,1174
7641,433
7642,2107
7643,969
7644,836
7645,2247
7646,2263
7647,898
7648,472
7649,247
7650,2430
7651,991
7652,927
7653,1192
7654,2608
7655,1075
7656,1835
7657,689
7658,2428
7659,2522
7660,2745
7661,1485
7662,2959
7663,960
7664,478
7665,2974
7666,707
7667,2902
7668,1138
7669,754
7670,2551
7671,1660
7672,2865
7673,588
7674,1335
7675,1493
7676,1848
7677,2756
7678,207
7679,2199
7680,2716
7681,2576
7682,165
7683,2965
7684,1999
7685,2085
7686,333
7687,403
7688,414
7689,45
7690,2254
7691,62
7692,2468
7693,868
7694,1492
7695,2868
7696,19
7697,365
7698,2476
7699,1141
7700,580
7701,546
7702,1730
7703,2373
7704,55
7705,778
7706,42
7707,1321
7708,231
7709,453
7710,2442
7711,1546
7712,1382
7713,1468
7714,1152
7715,2739
7716,2440
7717,1217
7718,2652
7719,881
7720,85
7721,1054
7722,49
7723,1169
7724,69
7725,2745
7726,2527
7727,2868
7728,1702
7729,1599
7730,2195
7731,1870
7732,1016
7733,2657
7734,446
7735,2269
7736,1402
7737,2143
7738,262
7739,1849
7740,897
7741,1095
7742,2267
7743,1557
7744,92
7745,127
7746,80
7747,1848
7748,983
7749,916
7750,2534
7751,694
7752,25
7753,156
7754,2680
7755,1813
7756,1554
7757,1967
7758,1734
7759,1081
7760,1629
7761,19
7762,1408
7763,1217
7764,2285
7765,1411
7766,277
7767,745
7768,552
7769,1177
7770,639
7771,237
7772,998
7773,2103
7774,2004
7775,1460
7776,2732
7777,2157
7778,1208
7779,1392
7780,2007
7781,1222
7782,1395
7783,373
7784,1521
7785,2249
7786,849
7787,2557
7788,1346
7789,2323
7790,2259
7791,504
7792,703
7793,2090
7794,315
7795,2836
7796,2377
7797,1041
7798,283
7799,2991
7800,258
7801,575
7802,574
7803,2660
7804,1043
7805,1553
7806,2885
7807,423
7808,1490
7809,1397
7810,758
7811,2811
7812,1105
7813,1575
7814,2472
7815,429
7816,2022
7817,204
7818,2244
7819,2776
7820,2333
7821,1993
7822,2244
7823,307
7824,1688
7825,14
7826,1861
7827,1962
7828,1081
7829,723
7830,780
7831,1234
7832,529
7833,798
7834,344
7835,1303
7836,209
7837,641
7838,1312
7839,2300
7840,2319
7841,1948
7842,920
7843,1724
7844,2045
7845,419
7846,1750
7847,2843
7848,1389
7849,1100
7850,2773
7851,2481
7852,2157
7853,2689
7854,1546
7855,1071
7856,2427
7857,1851
7858,1120
7859,958
7860,103
7861,2940
7862,2902
7863,1170
7864,1904
7865,1756
7866,2578
7867,679
7868,1969
7869,989
7870,1106
7871,2476
7872,1608
7873,2870
7874,1503
7875,1790
7876,1186
7877,932
7878,1426
7879,1062
7880,1979
7881,2559
7882,2441
7883,2043
7884,2761
7885,2542
7886,1279
7887,1203
7888,2595
7889,594
7890,2437
7891,1422
7892,2206
7893,1028
7894,2215
7895,960
7896,2457
7897,2242
7898,2283
7899,2766
7900,1174
7901,816
7902,404
7903,893
7904,2726
7905,68
7906,88
7907,2265
7908,2049
7909,1159
7910,1721
7911,1375
7912,2188
7913,2666
7914,2181
7915,1644
7916,178
7917,2858
7918,1382
7919,2428
7920,908
7921,2706
7922,2498
7923,586
7924,2511
7925,990
7926,1132
7927,2170
7928,2065
7929,1220
7930,2375
7931,318
7932,2857
7933,1503
7934,2035
7935,2043
7936,503
7937,2023
7938,119
7939,710
7940,45
7941,314
7942,418
7943,2604
7944,1102
7945,326
7946,1440
7947,1987
7948,2563
7949,2262
7950,74
7951,1603
7952,509
7953,2380
7954,688
7955,657
7956,1543
7957,1293
7958,1400
7959,2648
7960,1553
7961,1076
7962,325
7963,992
7964,1994
7965,717
7966,2771
7967,277
7968,2584
7969,152
7970,955
7971,1507
7972,259
7973,2372
7974,869
7975,1192
7976,688
7977,310
7978,2851
7979,1503
7980,2668
7981,473
7982,2509
7983,814
7984,846
7985,1165
7986,667
7987,2310
7988,1809
7989,1444
7990,1768
7991,1265
7992,355
7993,1873
7994,2025
7995,2818
7996,180
7997,66
7998,820
7999,1372
8000,171
8001,2522
8002,2582
8003,1391
8004,1131
8005,2487
8006,835
8007,227
8008,442
8009,2444
8010,728
8011,1605
8012,2132
8013,1037
8014,1833
8015,1849
8016,2741
8017,493
8018,1549
8019,1144
8020,970
8021,2401
8022,2088
8023,640
8024,173
8025,1571
8026,259
8027,517
8028,2778
8029,523
8030,1918
8031,2887
8032,2165
8033,2232
8034,1930
8035,1140
8036,2210
8037,2591
8038,839
8039,1090
8040,1094
8041,2495
8042,2464
8043,2580
8044,2489
8045,2786
8046,1970
8047,2512
8048,2444
8049,2759
8050,1575
8051,1581
8052,2443
8053,2374
8054,1115
8055,750
8056,1094
8057,1190
8058,2690
8059,2262
8060,1876
8061,1788
8062,2417
8063,1608
8064,49
8065,1076
8066,1313
8067,1650
8068,2181
8069,2834
8070,1190
8071,1398
8072,2421
8073,1829
8074,479
8075,832
8076,2698
8077,1615
8078,682
8079,2736
8080,1324
8081,82
8082,87
8083,2273
8084,2064
8085,822
8086,163
8087,2562
8088,2398
8089,1933
8090,2729
8091,1851
8092,1861
8093,1116
8094,2229
8095,2791
8096,2708
8097,1883
8098,2541
8099,923
8100,2176
8101,1450
8102,1583
8103,565
8104,2598
8105,2501
8106,471
8107,988
8108,2786
8109,1935
8110,224
8111,2202
8112,2608
8113,351
8114,1929
8115,349
8116,182
8117,637
8118,1018
8119,2227
8120,772
8121,2942
8122,1016
8123,2112
8124,29
8125,2420
8126,2145
8127,1894
8128,1466
8129,1227
8130,2069
8131,2783
8132,1126
8133,66
8134,2651
8135,1135
8136,338
8137,2171
8138,1729
8139,447
8140,2659
8141,2719
8142,2663
8143,2945
8144,281
8145,596
8146,1987
8147,2751
8148,1075
8149,210
8150,126
8151,492
8152,970
8153,581
8154,2825
8155,2306
8156,1212
8157,230
8158,189
8159,2058
8160,2724
8161,502
8162,2133
8163,49
8164,2886
8165,689
8166,387
8167,970
8168,1006
8169,2266
8170,1725
8171,2005
8172,2303
8173,2284
8174,1608
8175,1790
8176,271
8177,123
8178,2704
8179,1281
8180,1445
8181,259
8182,948
8183,2095
8184,863
8185,525
8186,888
8187,208
8188,2795
8189,149
8190,438
8191,2203
8192,1722
8193,358
8194,1241
8195,1931
8196,456
8197,2824
8198,1633
8199,629
8200,2880
8201,486
8202,2581
8203,200
8204,371
8205,1014
8206,1983
8207,2901
8208,1472
8209,248
8210,788
8211,2312
8212,2079
8213,1522
8214,1273
8215,605
8216,1690
8217,1418
8218,1821
8219,502
8220,2934
8221,549
8222,1366
8223,839
8224,1431
8225,1449
8226,848
8227,614
8228,412
8229,2480
8230,678
8231,159
8232,2062
8233,373
8234,2273
8235,1097
8236,2559
8237,603
8238,216
8239,1997
8240,1565
8241,1841
8242,1963
8243,2888
8244,727
8245,1245
8246,2602
8247,1066
8248,676
8249,2921
8250,283
8251,1082
8252,2882
8253,2585
8254,1909
8255,2971
8256,1153
8257,2890
8258,948
8259,665
8260,1718
8261,1149
8262,67
8263,2054
8264,637
8265,314
8266,565
8267,1602
8268,826
8269,2554
8270,1106
8271,1026
8272,2252
8273,662
8274,805
8275,2452
8276,536
8277,1392
8278,1236
8279,2625
8280,2811
8281,1921
8282,2165
8283,628
8284,749
8285,105
8286,2543
8287,46
8288,2871
8289,1355
8290,1240
8291,982
8292,960
8293,1516
8294,1837
8295,2893
8296,2497
8297,2584
8298,2559
8299,1482
8300,1560
8301,2588
8302,1508
8303,2064
8304,2001
8305,2291
8306,1974
8307,912
8308,1295
8309,2809
8310,1803
8311,2753
8312,1754
8313,115
8314,1604
8315,1323
8316,1861
8317,2445
8318,2442
8319,1099
8320,978
8321,1506
8322,1127
8323,297
8324,2226
8325,2363
8326,1063
8327,259
8328,2055
8329,2097
8330,2209
8331,1893
8332,176
8333,1001
8334,1919
8335,2503
8336,1668
8337,276
8338,2546
8339,676
8340,1824
8341,1052
8342,1357
8343,2104
8344,547
8345,1136
8346,2084
8347,2041
8348,439
8349,1753
8350,1616
8351,1850
8352,2643
8353,1601
8354,1664
8355,307
8356,619
8357,1133
8358,1396
8359,2405
8360,2229
8361,1380
8362,1700
8363,2116
8364,2340
8365,2740
8366,181
8367,2482
8368,1488
8369,914
8370,1558
8371,2114
8372,1045
8373,1636
8374,2432
8375,1639
8376,1583
8377,2087
8378,1309
8379,822
8380,602
8381,1621
8382,785
8383,1212
8384,671
8385,1267
8386,1097
8387,2527
8388,1998
8389,2609
8390,101
8391,2562
8392,1780
8393,176
8394,238
8395,2958
8396,1123
8397,2919
8398,1978
8399,2543
8400,2995
8401,2004
8402,1538
8403,755
8404,2259
8405,1147
8406,1412
8407,140
8408,541
8409,1415
8410,270
8411,1036
8412,1891
8413,506
8414,1130
8415,2080
8416,1873
8417,1093
8418,813
8419,362
8420,1457
8421,929
8422,100
8423,1682
8424,2057
8425,2745
8426,1053
8427,2510
8428,921
8429,2438
8430,632
8431,682
8432,2205
8433,2383
8434,2308
8435,2130
8436,754
8437,1465
8438,720
8439,75
8440,1294
8441,1923
8442,2674
8443,62
8444,874
8445,320
8446,2150
8447,1453
8448,874
8449,1746
8450,2303
8451,1556
8452,2618
8453,112
8454,461
8455,2756
8456,887
8457,1116
8458,1076
8459,520
8460,812
8461,2284
8462,1925
8463,1605
8464,927
8465,557
8466,2697
8467,2282
8468,1056
8469,579
8470,542
8471,2162
8472,2252
8473,1053
8474,2691
8475,474
8476,2745
8477,2301
8478,905
8479,1946
8480,386
8481,62
8482,515
8483,430
8484,580
8485,1561
8486,1165
8487,2791
8488,1324
8489,2723
8490,2359
8491,471
8492,1417
8493,1666
8494,1469
8495,809
8496,172
8497,2624
8498,31
8499,47
8500,130
8501,2400
8502,978
8503,1646
8504,1605
8505,58
8506,1130
8507,2860
8508,1354
8509,768
8510,683
8511,2009
8512,2334
8513,1791
8514,1478
8515,886
8516,397
8517,1539
8518,2074
8519,313
8520,2174
8521,1589
8522,1222
8523,811
8524,2236
8525,2746
8526,2858
8527,2764
8528,2033
8529,1508
8530,450
8531,2571
8532,1895
8533,1378
8534,2706
8535,597
8536,2148
8537,616
8538,948
8539,1582
8540,556
8541,278
8542,2014
8543,491
8544,255
8545,2429
8546,892
8547,542
8548,1288
8549,1634
8550,825
8551,2927
8552,1353
8553,281
8554,1299
8555,773
8556,2891
8557,2767
8558,328
8559,2259
8560,2775
8561,923
8562,552
8563,2074
8564,2075
8565,702
8566,1920
8567,2730
8568,2461
8569,167
8570,169
8571,229
8572,2003
8573,367
8574,528
8575,791
8576,524
8577,1096
8578,1669
8579,2154
8580,2780
8581,1909
8582,1306
8583,133
8584,2582
8585,2317
8586,2721
8587,1643
8588,2839
8589,1889
8590,1771
8591,18
8592,1778
8593,117
8594,798
8595,2599
8596,2977
8597,1712
8598,753
8599,2470
8600,1393
8601,2694
8602,2606
8603,2098
8604,678
8605,106
8606,658
8607,1947
8608,1449
8609,1096
8610,988
8611,2890
8612,1809
8613,1783
8614,446
8615,1949
8616,2118
8617,1998
8618,2198
8619,774
8620,1562
8621,1676
8622,1123
8623,1302
8624,1587
8625,1687
8626,944
8627,455
8628,1128
8629,946
8630,601
8631,2701
8632,725
8633,2281
8634,1418
8635,1525
8636,251
8637,1545
8638,79
8639,898
8640,2969
8641,781
8642,226
8643,1075
8644,1210
8645,1058
8646,803
8647,742
8648,2179
8649,2680
8650,2886
8651,2807
8652,704
8653,2545
8654,1427
8655,2371
8656,615
8657,329
8658,1396
8659,1484
8660,133
8661,835
8662,2699
8663,121
8664,2654
8665,1476
8666,965
8667,129
8668,1599
8669,2077
8670,2770
8671,1548
8672,333
8673,1154
8674,1317
8675,1197
8676,2992
8677,1430
8678,356
8679,139
8680,1527
8681,1198
8682,29
8683,931
8684,2544
8685,1014
8686,2703
8687,828
8688,351
8689,2602
8690,2025
8691,299
8692,1744
8693,1866
8694,1216
8695,1696
8696,2112
8697,755
8698,770
8699,1239
8700,834
8701,2214
8702,1907
8703,1565
8704,1219
8705,506
8706,1358
8707,2841
8708,2881
8709,1461
8710,2906
8711,1417
8712,2854
8713,1173
8714,761
8715,833
8716,1429
8717,283
8718,379
8719,198
8720,556
8721,356
8722,1564
8723,1041
8724,2687
8725,379
8726,680
8727,2554
8728,1780
8729,899
8730,76
8731,231
8732,1740
8733,962
8734,2350
8735,2774
8736,2263
8737,2117
8738,393
8739,1109
8740,267
8741,1093
8742,611
8743,1371
8744,1009
8745,962
8746,2776
8747,673
8748,2471
8749,1701
8750,2163
8751,2268
8752,31
8753,1367
8754,1401
8755,1154
8756,617
8757,539
8758,2787
8759,871
8760,101
8761,1413
8762,2740
8763,941
8764,341
8765,2909
8766,1044
8767,38
8768,660
8769,2034
8770,1561
8771,1657
8772,2976
8773,1050
8774,454
8775,1705
8776,1347
8777,2785
8778,819
8779,773
8780,13
8781,2963
8782,921
8783,825
8784,2419
8785,1315
8786,2380
8787,2309
8788,2018
8789,1229
8790,697
8791,2735
8792,950
8793,2435
8794,2869
8795,2516
8796,1439
8797,69
8798,1782
8799,2248
8800,2264
8801,1970
8802,212
8803,508
8804,2064
8805,1522
8806,2932
8807,332
8808,2765
8809,551
8810,1625
8811,942
8812,2304
8813,728
8814,880
8815,2863
8816,649
8817,1000
8818,1522
8819,2519
8820,2738
8821,1613
8822,2748
8823,2555
8824,1010
8825,1551
8826,804
8827,2879
8828,214
8829,169
8830,978
8831,1329
8832,146
8833,1799
8834,516
8835,453
8836,60
8837,528
8838,1024
8839,2522
8840,1565
8841,2805
8842,2830
8843,1103
8844,433
8845,1177
8846,401
8847,2105
8848,2234
8849,2446
8850,605
8851,2836
8852,2206
8853,1811
8854,1464
8855,2637
8856,2514
8857,2494
8858,1774
8859,2849
8860,1554
8861,1097
8862,929
8863,1952
8864,1974
8865,2065
8866,1555
8867,2779
8868,326
8869,995
8870,613
8871,2594
8872,596
8873,921
8874,842
8875,1226
8876,344
8877,1877
8878,859
8879,1424
8880,445
8881,1789
8882,222
8883,592
8884,1031
8885,1296
8886,1018
8887,2064
8888,1448
8889,2046
8890,524
8891,2851
8892,2069
8893,2276
8894,1809
8895,1312
8896,2857
8897,1307
8898,2452
8899,1090
8900,1673
8901,437
8902,829
8903,2982
8904,259
8905,2004
8906,1990
8907,103
8908,993
8909,769
8910,1125
8911,1222
8912,2861
8913,2274
8914,2991
8915,2511
8916,237
8917,1145
8918,2554
8919,2862
8920,767
8921,2682
8922,991
8923,2666
8924,1760
8925,2321
8926,2280
8927,2816
8928,496
8929,1048
8930,1727
8931,2550
8932,2073
8933,2336
8934,338
8935,1938
8936,1818
8937,137
8938,2556
8939,2275
8940,320
8941,1864
8942,916
8943,1206
8944,1898
8945,2134
8946,926
8947,2101
8948,2908
8949,2915
8950,1259
8951,1983
8952,433
8953,999
8954,2148
8955,990
8956,599
8957,2451
8958,396
8959,415
8960,939
8961,1637
8962,2725
8963,2511
8964,541
8965,1650
8966,1946
8967,84
8968,271
8969,2292
8970,388
8971,214
8972,2866
8973,59
8974,1626
8975,2931
8976,843
8977,2972
8978,1528
8979,1730
8980,123
8981,1437
8982,1163
8983,2487
8984,562
8985,2166
8986,1738
8987,905
8988,395
8989,1727
8990,2924
8991,1717
8992,935
8993,1102
8994,1436
8995,75
8996,295
8997,21
8998,1039
8999,1235
9000,560
9001,1110
9002,1173
9003,372
9004,2028
9005,818
9006,1175
9007,1165
9008,1093
9009,1284
9010,2012
9011,846
9012,1992
9013,521
9014,371
9015,1443
9016,101
9017,661
9018,1682
9019,243
9020,2801
9021,512
9022,2897
9023,2603
9024,2274
9025,1542
9026,2262
9027,2766
9028,2115
9029,396
9030,612
9031,1261
9032,1858
9033,770
9034,1423
9035,407
9036,2973
9037,1873
9038,1504
9039,2695
9040,2270
9041,1180
9042,654
9043,2476
9044,1182
9045,977
9046,1440
9047,2419
9048,1368
9049,2898
9050,2904
9051,229
9052,2328
9053,1894
9054,1314
9055,1071
9056,975
9057,1739
9058,758
9059,321
9060,2322
9061,556
9062,844
9063,1337
9064,1387
9065,668
9066,2428
9067,2759
9068,1943
9069,2005
9070,1931
9071,746
9072,675
9073,2164
9074,2653
9075,1066
9076,2427
9077,2514
9078,2328
9079,618
9080,2166
9081,2357
9082,2148
9083,2309
9084,993
9085,1329
9086,1378
9087,286
9088,2376
9089,2111
9090,687
9091,1306
9092,1465
9093,738
9094,2687
9095,2984
9096,1959
9097,1895
9098,2524
9099,1486
9100,2101
9101,2802
9102,486
9103,1514
9104,2002
9105,1388
9106,2457
9107,1031
9108,1766
9109,668
9110,1221
9111,835
9112,876
9113,2415
9114,1002
9115,250
9116,1940
9117,1619
9118,1264
9119,2428
9120,872
9121,835
9122,2823
9123,919
9124,1725
9125,2503
9126,2414
9127,1314
9128,1898
9129,403
9130,2106
9131,2569
9132,1328
9133,1139
9134,210
9135,1065
9136,816
9137,2221
9138,234
9139,793
9140,1908
9141,1614
9142,2841
9143,2167
9144,335
9145,1360
9146,1640
9147,1098
9148,1215
9149,324
9150,1791
9151,284
9152,213
9153,1659
9154,1742
9155,929
9156,752
9157,1418
9158,2387
9159,1822
9160,1046
9161,1795
9162,1893
9163,105
9164,1490
9165,1483
9166,1456
9167,770
9168,2764
9169,2811
9170,1960
9171,2028
9172,379
9173,713
9174,1373
9175,225
9176,1738
9177,738
9178,236
9179,183
9180,712
9181,1893
9182,2492
9183,1889
9184,623
9185,1260
9186,1151
9187,749
9188,2203
9189,2305
9190,2283
9191,2548
9192,2337
9193,510
9194,1576
9195,1824
9196,2757
9197,785
9198,2942
9199,2824
9200,2346
9201,137
9202,2424
9203,2135
9204,1778
9205,1223
9206,2485
9207,1334
9208,1778
9209,1305
9210,764
9211,702
9212,2990
9213,152
9214,1326
9215,1302
9216,1712
9217,1032
9218,807
9219,235
9220,2723
9221,561
9222,1326
9223,38
9224,1160
9225,2870
9226,421
9227,1243
9228,348
9229,1832
9230,1570
9231,2796
9232,1919
9233,2321
9234,1902
9235,2356
9236,1398
9237,2781
9238,1825
9239,2492
9240,1229
9241,405
9242,1722
9243,2901
9244,1221
9245,2826
9246,115
9247,1677
9248,65
9249,1300
9250,825
9251,2287
9252,2350
9253,1416
9254,969
9255,369
9256,233
9257,2243
9258,907
9259,921
9260,689
9261,177
9262,2265
9263,1035
9264,1470
9265,630
9266,164
9267,2101
9268,2266
9269,824
9270,2433
9271,56
9272,118
9273,2948
9274,798
9275,780
9276,2851
9277,2893
9278,1439
9279,1894
9280,2903
9281,708
9282,1104
9283,22
9284,1501
9285,843
9286,1761
9287,1117
9288,192
9289,1019
9290,1127
9291,396
9292,2688
9293,1019
9294,567
9295,231
9296,874
9297,2622
9298,240
9299,90
9300,2280
9301,457
9302,2281
9303,354
9304,1005
9305,1357
9306,439
9307,1399
9308,345
9309,2712
9310,657
9311,2178
9312,2189
9313,2463
9314,1117
9315,626
9316,284
9317,1980
9318,1679
9319,223
9320,744
9321,463
9322,1569
9323,1706
9324,1164
9325,2405
9326,1737
9327,1047
9328,2907
9329,665
9330,1357
9331,1015
9332,2133
9333,2669
9334,1055
9335,1765
9336,2288
9337,1914
9338,363
9339,2870
9340,1413
9341,668
9342,1881
9343,1395
9344,99
9345,2095
9346,2887
9347,422
9348,1504
9349,62
9350,1133
9351,1703
9352,598
9353,392
9354,1076
9355,2651
9356,1313
9357,2030
9358,2385
9359,810
9360,1406
9361,2800
9362,1160
9363,1532
9364,1386
9365,881
9366,1600
9367,2683
9368,254
9369,2068
9370,2576
9371,1169
9372,1232
9373,2424
9374,166
9375,1574
9376,2909
9377,617
9378,2660
9379,1626
9380,503
9381,913
9382,2127
9383,585
9384,1959
9385,2736
9386,396
9387,1632
9388,1881
9389,402
9390,975
9391,224
9392,518
9393,2682
9394,236
9395,116
9396,226
9397,2278
9398,182
9399,1342
9400,210
9401,1416
9402,2144
9403,894
9404,1882
9405,2804
9406,1110
9407,2463
9408,2027
9409,394
9410,2744
9411,844
9412,1525
9413,604
9414,582
9415,2043
9416,1940
9417,133
9418,2839
9419,2697
9420,2269
9421,976
9422,1814
9423,1544
9424,2836
9425,2739
9426,1358
9427,39
9428,1317
9429,2738
9430,162
9431,1910
9432,1128
9433,2209
9434,1659
9435,1964
9436,1058
9437,2290
9438,967
9439,890
9440,2161
9441,2366
9442,2071
9443,2872
9444,2749
9445,1667
9446,1442
9447,1068
9448,128
9449,2924
9450,158
9451,827
9452,1891
9453,2900
9454,512
9455,2093
9456,2267
9457,443
9458,2363
9459,2225
9460,2276
9461,1727
9462,2007
9463,1696
9464,267
9465,2918
9466,838
9467,489
9468,702
9469,687
9470,996
9471,357
9472,872
9473,1974
9474,2252
9475,552
9476,1811
9477,323
9478,2642
9479,2229
9480,2547
9481,83
9482,2351
9483,262
9484,784
9485,1224
9486,914
9487,2740
9488,944
9489,2731
9490,1319
9491,1536
9492,689
9493,2444
9494,1773
9495,839
9496,878
9497,2871
9498,49
9499,2837
9500,293
9501,1652
9502,536
9503,311
9504,537
9505,1927
9506,2687
9507,234
9508,1233
9509,2653
9510,2142
9511,2375
9512,2273
9513,967
9514,890
9515,2059
9516,35
9517,447
9518,1764
9519,2489
9520,2701
9521,1559
9522,595
9523,2026
9524,2277
9525,344
9526,1104
9527,1420
9528,1314
9529,1479
9530,1152
9531,2957
9532,1922
9533,1383
9534,2575
9535,2123
9536,1570
9537,1895
9538,2244
9539,1867
9540,29
9541,706
9542,1021
9543,2064
9544,1447
9545,2853
9546,2988
9547,1660
9548,967
9549,2277
9550,2763
9551,573
9552,1607
9553,615
9554,326
9555,2923
9556,359
9557,1811
9558,2372
9559,1722
9560,1350
9561,165
9562,1597
9563,1628
9564,2846
9565,2503
9566,1177
9567,1151
9568,193
9569,2675
9570,2578
9571,92
9572,139
9573,481
9574,2497
9575,1357
9576,2917
9577,340
9578,1076
9579,2514
9580,2766
9581,799
9582,475
9583,2449
9584,1463
9585,605
9586,2980
9587,2970
9588,821
9589,2705
9590,598
9591,1533
9592,514
9593,1527
9594,1878
9595,1700
9596,1030
9597,500
9598,1685
9599,717
9600,1142
9601,1509
9602,2649
9603,666
9604,2516
9605,2209
9606,2318
9607,1080
9608,228
9609,2897
9610,149
9611,1070
9612,1168
9613,632
9614,1364
9615,413
9616,1756
9617,520
9618,1368
9619,2435
9620,2323
9621,2401
9622,1103
9623,598
9624,1660
9625,1686
9626,2606
9627,2161
9628,2189
9629,1925
9630,730
9631,589
9632,2459
9633,377
9634,1408
9635,1870
9636,751
9637,627
9638,1630
9639,995
9640,1584
9641,703
9642,2510
9643,2060
9644,1180
9645,477
9646,2987
9647,401
9648,2856
9649,2225
9650,57
9651,1876
9652,448
9653,203
9654,1657
9655,738
9656,202
9657,1354
9658,2411
9659,892
9660,2502
9661,2404
9662,216
9663,2603
9664,2935
9665,23
9666,2203
9667,1210
9668,2297
9669,749
9670,805
9671,134
9672,321
9673,2438
9674,434
9675,1046
9676,873
9677,2906
9678,2099
9679,2224
9680,2918
9681,253
9682,966
9683,739
9684,1130
9685,1340
9686,302
9687,2596
9688,1978
9689,2764
9690,2827
9691,2316
9692,551
9693,1479
9694,1316
9695,1588
9696,1823
9697,1825
9698,1165
9699,314
9700,184
9701,1688
9702,713
9703,2176
9704,1311
9705,2748
9706,2434
9707,271
9708,1795
9709,811
9710,2463
9711,198
9712,1080
9713,2879
9714,1227
9715,1645
9716,628
9717,604
9718,1162
9719,1446
9720,1081
9721,1586
9722,2119
9723,911
9724,594
9725,1396
9726,600
9727,514
9728,1896
9729,2132
9730,1067
9731,2887
9732,1958
9733,2654
9734,810
9735,2181
9736,1089
9737,290
9738,2424
9739,769
9740,2515
9741,471
9742,2197
9743,88
9744,2444
9745,790
9746,1665
9747,1310
9748,865
9749,1294
9750,24
9751,1887
9752,311
9753,1485
9754,1232
9755,2712
9756,2486
9757,706
9758,1360
9759,422
9760,1774
9761,2369
9762,2635
9763,947
9764,1187
9765,1835
9766,1565
9767,849
9768,1590
9769,1319
9770,2090
9771,1948
9772,1309
9773,2987
9774,387
9775,2036
9776,1162
9777,2026
9778,2958
9779,716
9780,2479
9781,2602
9782,2848
9783,426
9784,1440
9785,2074
9786,385
9787,56
9788,2682
9789,106
9790,2897
9791,670
9792,376
9793,743
9794,967
9795,308
9796,2139
9797,802
9798,110
9799,1665
9800,2633
9801,340
9802,1589
9803,979
9804,2404
9805,1916
9806,168
9807,557
9808,905
9809,105
9810,2048
9811,2198
9812,146
9813,2764
9814,874
9815,299
9816,1737
9817,646
9818,2771
9819,638
9820,2287
9821,2512
9822,2501
9823,784
9824,897
9825,371
9826,487
9827,2038
9828,2213
9829,1361
9830,192
9831,730
9832,2262
9833,2622
9834,957
9835,381
9836,2721
9837,798
9838,239
9839,2748
9840,1106
9841,1387
9842,2553
9843,2250
9844,2968
9845,1528
9846,1668
9847,37
9848,2692
9849,1997
9850,1426
9851,2813
9852,2754
9853,2593
9854,1491
9855,1225
9856,2588
9857,2023
9858,2442
9859,833
9860,597
9861,2441
9862,700
9863,1647
9864,2019
9865,441
9866,1861
9867,1641
9868,1530
9869,2966
9870,2368
9871,2601
9872,1095
9873,568
9874,2967
9875,236
9876,1305
9877,1186
9878,1033
9879,2108
9880,2941
9881,1841
9882,225
9883,1843
9884,2748
9885,582
9886,169
9887,1466
9888,14
9889,2212
9890,1444
9891,2805
9892,1871
9893,1544
9894,1690
9895,1572
9896,1052
9897,1732
9898,446
9899,716
9900,819
9901,2152
9902,2790
9903,426
9904,1125
9905,1565
9906,2687
9907,850
9908,1546
9909,1130
9910,1703
9911,2002
9912,2817
9913,277
9914,1807
9915,2948
9916,2236
9917,1940
9918,2153
9919,546
9920,2428
9921,110
9922,545
9923,2402
9924,743
9925,2365
9926,1290
9927,1876
9928,1089
9929,333
9930,1537
9931,1157
9932,592
9933,783
9934,540
9935,2783
9936,1559
9937,1520
9938,2669
9939,619
9940,2957
9941,1834
9942,992
9943,2147
9944,2365
9945,2171
9946,2847
9947,1617
9948,1519
9949,2505
9950,522
9951,2568
9952,917
9953,717
9954,2363
9955,2757
9956,2758
9957,1937
9958,560
9959,969
9960,2404
9961,1078
9962,890
9963,793
9964,2313
9965,982
9966,802
9967,43
9968,1610
9969,2910
9970,1778
9971,350
9972,1568
9973,1130
9974,2960
9975,2049
9976,1781
9977,584
9978,432
9979,1933
9980,2101
9981,2988
9982,2568
9983,1349
9984,2195
9985,2031
9986,1190
9987,1163
9988,2677
9989,299
9990,1940
9991,789
9992,850
9993,2226
9994,2890
9995,1378
9996,1178
9997,1950
9998,878
9999,1139
10000,1578
